24417;201;ACCTG;030;Quickbooks;W;01:00 PM;03:25 PM;C283
24417;201;ACCTG;030;Quickbooks;W;03:35 PM;04:55 PM;C283
24420;201;ACCTG;041;Acctg for Governmental & Nonp;MW;02:30 PM;04:55 PM;D105C
27612;201;ACCTG;062;Cost Accounting;MW;12:15 PM;02:40 PM;M227
24423;201;ACCTG;063;Intermediate Accounting;MW;06:30 PM;08:55 PM;D213
24426;201;ACCTG;097;Accounting for Income Taxes;T;06:30 PM;09:35 PM;D210
22623;201;AJ;010;Intro to Admin of Justice;MW;09:15 AM;10:35 AM;A109
22626;202;AJ;010;Intro to Admin of Justice;MW;12:15 PM;01:35 PM;A109
22629;203;AJ;010;Intro to Admin of Justice;T;06:00 PM;09:05 PM;A109
22632;204;AJ;010;Intro to Admin of Justice;TTH;09:15 AM;10:35 AM;A210B
27039;205;AJ;010;Intro to Admin of Justice;TTH;12:15 PM;01:35 PM;D212
22635;201;AJ;011;Criminal Law;MW;10:45 AM;12:05 PM;A109
22638;202;AJ;011;Criminal Law;M;06:00 PM;09:05 PM;A109
22644;203;AJ;011;Criminal Law;TTH;03:15 PM;04:35 PM;A109
22647;201;AJ;013;Criminal Procedures;MW;12:15 PM;01:35 PM;P124
22650;202;AJ;013;Criminal Procedures;TTH;01:45 PM;03:05 PM;A109
22653;201;AJ;014;Contemporary Police Issues;MW;01:45 PM;03:05 PM;A109
22656;201;AJ;015;Intro Criminal Investigation;TTH;10:45 AM;12:05 PM;A109
22659;202;AJ;015;Intro Criminal Investigation;TTH;12:15 PM;01:35 PM;A109
22662;201;AJ;110;Narcotics and Drug Abuse;TTH;09:15 AM;10:35 AM;A109
22665;201;AJ;111;Juvenile Law and Procedures;T;12:15 PM;03:20 PM;D109
22713;201;AJ;113;Crime and Violence in America;TH;06:00 PM;09:05 PM;A109
22668;201;AJ;116;Introduction to Corrections;W;06:00 PM;09:05 PM;A109
22716;201;ANTH;063;Intro to Soc/Cultural Anthro;TTH;10:45 AM;12:05 PM;M261
24258;201;ACCTG;020;Financial Accounting;MW;12:15 PM;02:40 PM;C299
24264;202;ACCTG;020;Financial Accounting;MW;09:15 AM;11:40 AM;D206
24390;203;ACCTG;020;Financial Accounting;TTH;12:15 PM;02:40 PM;C299
24396;204;ACCTG;020;Financial Accounting;TTH;09:15 AM;11:40 AM;N213
24399;205;ACCTG;020;Financial Accounting;MW;06:30 PM;08:55 PM;N213
24402;201;ACCTG;021;Managerial Accounting;MW;09:15 AM;11:40 AM;C299
24405;202;ACCTG;021;Managerial Accounting;TTH;12:15 PM;02:40 PM;D213
24408;203;ACCTG;021;Managerial Accounting;TTH;09:15 AM;11:40 AM;C299
24411;204;ACCTG;021;Managerial Accounting;MW;06:30 PM;08:55 PM;C299
24414;201;ACCTG;022;Payroll Accounting;TTH;06:30 PM;08:20 PM;N190
22719;201;ART;012;Two Dimensional Design;MW;01:45 PM;02:35 PM;P204
22719;201;ART;012;Two Dimensional Design;MW;02:45 PM;04:35 PM;P204
22722;201;ART;013;Three Dimensional Design;TTH;09:15 AM;10:05 AM;P129F
22722;201;ART;013;Three Dimensional Design;TTH;10:15 AM;12:05 PM;P129F
22725;201;ART;014;Color;MW;09:15 AM;10:05 AM;P204
22725;201;ART;014;Color;MW;10:15 AM;12:05 PM;P204
22728;202;ART;014;Color;TTH;09:15 AM;10:05 AM;P204
22728;202;ART;014;Color;TTH;10:15 AM;12:05 PM;P204
22731;201;ART;024;Beginning Drawing;MW;09:15 AM;10:05 AM;P205
22731;201;ART;024;Beginning Drawing;MW;10:15 AM;12:05 PM;P205
22734;202;ART;024;Beginning Drawing;TTH;01:45 PM;02:35 PM;P205
22734;202;ART;024;Beginning Drawing;TTH;02:45 PM;04:35 PM;P205
22737;203;ART;024;Beginning Drawing;TTH;06:00 PM;06:50 PM;P205
22737;203;ART;024;Beginning Drawing;TTH;07:00 PM;08:50 PM;P205
22740;201;ART;025;Expressive Drawing;MW;06:00 PM;06:50 PM;P205
22740;201;ART;025;Expressive Drawing;MW;07:00 PM;08:50 PM;P205
22743;201;ART;035;Graphic Design I;TTH;01:45 PM;02:35 PM;P206
22743;201;ART;035;Graphic Design I;TH;02:45 PM;05:50 PM;P206
22746;201;ART;038;Graphic Design II;TTH;10:45 AM;11:50 AM;P206
22746;201;ART;038;Graphic Design II;TH;12:00 PM;01:20 PM;P206
22749;201;ART;039;Intro to Digital Video;W;06:00 PM;08:25 PM;P206
22749;201;ART;039;Intro to Digital Video;W;08:35 PM;09:55 PM;P206
22752;201;ART;042;Sculpture I;TTH;01:45 PM;02:35 PM;P129F
22752;201;ART;042;Sculpture I;TTH;02:45 PM;04:35 PM;P129F
22788;201;ART;055A;Mife Drawing I;MW;01:45 PM;02:35 PM;P205
22788;201;ART;055A;Mife Drawing I;MW;02:45 PM;04:35 PM;P205
22791;201;ART;055B;Mife Drawing II;MW;01:45 PM;02:35 PM;P205
22791;201;ART;055B;Mife Drawing II;MW;02:45 PM;04:35 PM;P205
22755;201;ART;060;Beginning Painting I;TTH;09:15 AM;10:05 AM;P205
22755;201;ART;060;Beginning Painting I;TTH;10:15 AM;12:05 PM;P205
22758;201;ART;061;Beginning Painting II;TTH;09:15 AM;10:05 AM;P205
22758;201;ART;061;Beginning Painting II;TTH;10:15 AM;12:05 PM;P205
22761;201;ART;090;Art Appreciation;MW;09:15 AM;10:35 AM;N190
22764;202;ART;090;Art Appreciation;MW;10:45 AM;12:05 PM;N190
22767;203;ART;090;Art Appreciation;TTH;09:15 AM;10:35 AM;N190
22770;204;ART;090;Art Appreciation;TTH;10:45 AM;12:05 PM;N190
22773;205;ART;090;Art Appreciation;F;10:45 AM;01:50 PM;P119
22779;201;ART;091;Art History Prehistoric/Gothic;MW;09:15 AM;10:35 AM;C131
22782;202;ART;091;Art History Prehistoric/Gothic;TTH;01:45 PM;03:05 PM;P119
27879;203;ART;091;Art History Prehistoric/Gothic;T;06:00 PM;09:05 PM;P119
27759;204;ART;091;Art History Prehistoric/Gothic;MTWTHF;06:00 PM;09:15 PM;P119
22785;201;ART;092;Art History Renaissance/Pres;MW;01:45 PM;03:05 PM;P124
23943;201;ASTRO;010;Introduction to Astronomy;TTH;10:45 AM;12:05 PM;B144
23946;202;ASTRO;010;Introduction to Astronomy;MW;01:45 PM;03:05 PM;B154
23949;203;ASTRO;010;Introduction to Astronomy;W;06:00 PM;09:05 PM;B144
27843;206;ASTRO;010;Introduction to Astronomy;TTH;12:15 PM;01:35 PM;N160
23958;201;ASTRO;010L;Intro Lab General Astronomy;TH;09:00 AM;12:05 PM;M188
23961;202;ASTRO;010L;Intro Lab General Astronomy;T;06:30 PM;09:35 PM;M188
25332;201;AUTO;102;Automotive Systems;M;06:30 PM;08:20 PM;M213
25332;201;AUTO;102;Automotive Systems;W;06:00 PM;10:35 PM;M209
25335;202;AUTO;102;Automotive Systems;M;06:30 PM;08:20 PM;M213
25335;202;AUTO;102;Automotive Systems;TH;06:00 PM;10:05 PM;M209
25362;203;AUTO;102;Automotive Systems;MTWTH;07:30 AM;08:45 AM;M209
25362;203;AUTO;102;Automotive Systems;MTWTH;08:55 AM;11:45 AM;M213
25377;204;AUTO;102;Automotive Systems;MTWTH;12:45 PM;02:00 PM;M213
25377;204;AUTO;102;Automotive Systems;MTWTH;02:10 PM;05:15 PM;M209
25338;201;AUTO;103;Light Line Technician;M;06:00 PM;06:50 PM;C189
25338;201;AUTO;103;Light Line Technician;M;07:00 PM;10:05 PM;C223
25365;202;AUTO;103;Light Line Technician;MTWTH;07:15 AM;08:20 AM;C209
25365;202;AUTO;103;Light Line Technician;MTWTH;08:30 AM;12:20 PM;C213
25380;203;AUTO;103;Light Line Technician;MTWTH;12:45 PM;01:55 PM;C209
25380;203;AUTO;103;Light Line Technician;MTWTH;02:05 PM;05:55 PM;C213
25359;201;AUTO;105;Suspension, Steering, & Alignt;TH;04:45 PM;06:35 PM;M189
25359;201;AUTO;105;Suspension, Steering, & Alignt;TH;06:40 PM;10:45 PM;M223
25350;201;AUTO;107;Valve Train;MTWTH;01:00 PM;01:50 PM;M189
25350;201;AUTO;107;Valve Train;MTWTH;02:00 PM;04:50 PM;M174
25353;201;AUTO;108;Engine Short Block;MTWTH;01:00 PM;01:50 PM;M189
25353;201;AUTO;108;Engine Short Block;MTWTH;02:00 PM;05:50 PM;M174
25356;201;AUTO;109;Engine Blueprinting;MTWTH;01:00 PM;02:05 PM;M189
25356;201;AUTO;109;Engine Blueprinting;MTWTH;02:15 PM;05:45 PM;M174
25200;201;AUTO;118;Fuel Systems/Emission Controls;MTWTH;07:30 AM;09:00 AM;M150
25200;201;AUTO;118;Fuel Systems/Emission Controls;MTWTH;09:10 AM;12:30 PM;M164
25368;201;AUTO;119;Intro to Engine Performance;MTWTH;07:30 AM;09:20 AM;M209
25368;201;AUTO;119;Intro to Engine Performance;MTWTH;09:30 AM;11:20 AM;M213
28356;202;AUTO;119;Intro to Engine Performance;MTWTH;12:45 PM;02:35 PM;M209
28356;202;AUTO;119;Intro to Engine Performance;MTWTH;02:45 PM;04:35 PM;M213
25182;201;AUTO;120;Automatic Transmission;TWTH;07:15 AM;08:45 AM;M189
25182;201;AUTO;120;Automatic Transmission;TWTH;08:55 AM;12:20 PM;M223
25179;201;AUTO;121;Manual Transmission;TWTH;08:00 AM;08:50 AM;M189
25179;201;AUTO;121;Manual Transmission;TWTH;09:00 AM;11:35 AM;M223
25401;201;AUTO;122;Advanced Electrical Systems;MW;06:00 PM;06:50 PM;M150
25401;201;AUTO;122;Advanced Electrical Systems;MW;07:00 PM;10:25 PM;M150
25326;201;AUTO;127;Ignition Systems;MTWTH;07:30 AM;08:35 AM;M150
25326;201;AUTO;127;Ignition Systems;MTWTH;08:45 AM;12:10 PM;M150
25197;201;AUTO;129;DSO,GDMM,Scan Tool Diagnosis;MTWTH;07:30 AM;08:20 AM;M150
25197;201;AUTO;129;DSO,GDMM,Scan Tool Diagnosis;MTWTH;08:30 AM;02:20 PM;M150
27738;202;AUTO;129;DSO,GDMM,Scan Tool Diagnosis;F;06:00 PM;06:50 PM;M150
27738;202;AUTO;129;DSO,GDMM,Scan Tool Diagnosis;F;07:00 PM;10:05 PM;M150
28254;203;AUTO;129;DSO,GDMM,Scan Tool Diagnosis;MTWTH;07:30 AM;08:20 AM;M150
28254;203;AUTO;129;DSO,GDMM,Scan Tool Diagnosis;MTWTH;08:30 AM;12:35 PM;M150
25173;201;AUTO;132;Honda IST;T;01:00 PM;05:35 PM;M223
25185;201;AUTO;135;Fundamentals Air Conditioning;TWTH;08:00 AM;09:25 AM;M189
25185;201;AUTO;135;Fundamentals Air Conditioning;TWTH;09:35 AM;11:00 AM;M223
25383;201;AUTO;141;Clean Air Car Course;TTH;06:00 PM;10:05 PM;M150
25386;201;AUTO;145;Enhanced Emission Diagnostics;TTH;06:00 PM;09:50 PM;M150
25386;201;AUTO;145;Enhanced Emission Diagnostics;TTH;09:55 PM;10:45 PM;M150
25392;201;AUTO;147D;Bar 2011 Update Training;SSU;08:00 AM;03:50 PM;M213
25392;201;AUTO;147D;Bar 2011 Update Training;SU;04:00 PM;04:50 PM;M213
25395;202;AUTO;147D;Bar 2011 Update Training;SSU;08:00 AM;03:50 PM;M213
25395;202;AUTO;147D;Bar 2011 Update Training;SU;04:00 PM;04:50 PM;M213
25398;203;AUTO;147D;Bar 2011 Update Training;SSU;08:00 AM;03:50 PM;M213
25398;203;AUTO;147D;Bar 2011 Update Training;SU;04:00 PM;04:50 PM;M213
25191;201;AUTO;170;Electrical Systems;MTWTH;07:30 AM;09:20 AM;M150
25191;201;AUTO;170;Electrical Systems;MTWTH;09:30 AM;12:20 PM;M150
25329;202;AUTO;170;Electrical Systems;MW;01:00 PM;02:05 PM;M150
25329;202;AUTO;170;Electrical Systems;MW;02:15 PM;03:50 PM;M164
25347;201;AUTO;171;Engine Systems;MTWTH;01:00 PM;02:50 PM;M192
25347;201;AUTO;171;Engine Systems;MTWTH;03:00 PM;04:15 PM;M174
25341;201;AUTO;172;Chassis and Drivetrain Systems;T;06:00 PM;07:50 PM;M192
25341;201;AUTO;172;Chassis and Drivetrain Systems;T;08:00 PM;09:50 PM;M189
25389;201;AUTO;173;Automotive Service Operations;W;06:00 PM;09:50 PM;M205
25176;201;AUTO;174;Body & Chassis Electronics;TH;01:00 PM;01:50 PM;M150
25176;201;AUTO;174;Body & Chassis Electronics;TH;02:00 PM;05:05 PM;M223
25344;201;AUTO;175;Welding and Fabrication;M;07:45 AM;08:35 AM;M189
25344;201;AUTO;175;Welding and Fabrication;M;08:45 AM;11:50 AM;M190
25371;201;AUTO;181A;Intro to Alternative Vehicles;MW;06:30 PM;07:55 PM;M192
25371;201;AUTO;181A;Intro to Alternative Vehicles;MW;08:05 PM;09:30 PM;M164
25374;201;AUTO;181B;Hybrid Maintenance and Repair;MW;06:00 PM;06:50 PM;M192
25374;201;AUTO;181B;Hybrid Maintenance and Repair;MW;07:00 PM;09:50 PM;M164
23463;201;BIOL;003;Cell and Molecular Biology;T;08:30 AM;11:35 AM;B128
23463;201;BIOL;003;Cell and Molecular Biology;TH;08:30 AM;11:35 AM;B128
23466;201;BIOL;004A;General Principles & Cell Biol;MW;10:45 AM;12:05 PM;B164
23466;201;BIOL;004A;General Principles & Cell Biol;TTH;08:30 AM;11:35 AM;B117
23469;202;BIOL;004A;General Principles & Cell Biol;MW;10:45 AM;12:05 PM;B164
23469;202;BIOL;004A;General Principles & Cell Biol;TTH;11:45 AM;02:50 PM;B117
27573;201;BIOL;004B;Organismal Bio & Biodiversity;MW;09:15 AM;10:35 AM;B131
27573;201;BIOL;004B;Organismal Bio & Biodiversity;MW;11:15 AM;02:20 PM;B131
23472;201;BIOL;020;Human Biology;TTH;09:15 AM;10:35 AM;B164
23472;201;BIOL;020;Human Biology;T;11:15 AM;02:20 PM;B131
23475;202;BIOL;020;Human Biology;TTH;09:15 AM;10:35 AM;B164
23475;202;BIOL;020;Human Biology;TH;11:15 AM;02:20 PM;B131
23478;203;BIOL;020;Human Biology;TTH;05:30 PM;06:50 PM;M205
23478;203;BIOL;020;Human Biology;TTH;07:00 PM;08:20 PM;B117
23481;204;BIOL;020;Human Biology;TTH;05:30 PM;06:50 PM;M205
23481;204;BIOL;020;Human Biology;TTH;04:00 PM;05:20 PM;B117
23484;201;BIOL;021;General Biology;MW;09:15 AM;10:35 AM;B164
23484;201;BIOL;021;General Biology;M;10:45 AM;01:50 PM;B116
23487;202;BIOL;021;General Biology;MW;09:15 AM;10:35 AM;B164
23487;202;BIOL;021;General Biology;W;10:45 AM;01:50 PM;B116
23490;203;BIOL;021;General Biology;TTH;09:15 AM;10:35 AM;B144
23490;203;BIOL;021;General Biology;T;10:45 AM;01:50 PM;B116
23493;204;BIOL;021;General Biology;TTH;09:15 AM;10:35 AM;B144
23493;204;BIOL;021;General Biology;TH;10:45 AM;01:50 PM;B116
23496;205;BIOL;021;General Biology;MW;05:00 PM;06:20 PM;B164
23496;205;BIOL;021;General Biology;M;06:30 PM;09:35 PM;B116
23499;206;BIOL;021;General Biology;MW;05:00 PM;06:20 PM;B164
23499;206;BIOL;021;General Biology;W;06:30 PM;09:35 PM;B116
23502;207;BIOL;021;General Biology;TTH;12:15 PM;01:35 PM;M205
23502;207;BIOL;021;General Biology;T;02:00 PM;05:05 PM;B116
23505;208;BIOL;021;General Biology;TTH;12:15 PM;01:35 PM;M205
23505;208;BIOL;021;General Biology;TH;02:00 PM;05:05 PM;B116
29322;209;BIOL;021;General Biology;TTH;03:15 PM;04:35 PM;M205
29322;209;BIOL;021;General Biology;T;05:30 PM;08:35 PM;B116
29325;210;BIOL;021;General Biology;TTH;03:15 PM;04:35 PM;M205
29325;210;BIOL;021;General Biology;TH;05:30 PM;08:35 PM;B116
27576;201;BIOL;025;Forensic Biology;TTH;10:45 AM;12:05 PM;B164
23508;201;BIOL;061;Human Heredity;MW;09:15 AM;10:35 AM;M256
23511;202;BIOL;061;Human Heredity-En;TH;02:00 PM;05:05 PM;M280
23514;203;BIOL;061;Human Heredity-Ih;TH;06:00 PM;07:20 PM;M280
23517;205;BIOL;061;Human Heredity;TTH;12:15 PM;01:35 PM;B144
23520;201;BIOL;062;Plants and Human Welfare;MW;03:25 PM;04:45 PM;B164
23523;201;BIOL;064;Marine Biology;M;06:00 PM;09:05 PM;B117
23523;201;BIOL;064;Marine Biology;W;06:00 PM;09:05 PM;B117
23526;201;BIOL;065;Wildlife Biology-En;TTH;02:00 PM;05:05 PM;M147
23529;201;BIOL;071;Human Anatomy;MW;12:15 PM;01:35 PM;B164
23529;201;BIOL;071;Human Anatomy;MW;08:30 AM;11:35 AM;B128
23532;202;BIOL;071;Human Anatomy;MW;12:15 PM;01:35 PM;B164
23532;202;BIOL;071;Human Anatomy;MW;01:45 PM;04:55 PM;B128
23535;201;BIOL;072;Human Physiology-Ih;W;10:00 AM;01:05 PM;B133
23538;202;BIOL;072;Human Physiology-Ih;W;05:30 PM;08:35 PM;B133
23541;203;BIOL;072;Human Physiology;TTH;12:15 PM;01:35 PM;B164
23541;203;BIOL;072;Human Physiology;TTH;08:30 AM;11:35 AM;B133
23544;204;BIOL;072;Human Physiology;TTH;12:15 PM;01:35 PM;B164
23544;204;BIOL;072;Human Physiology;TTH;01:55 PM;05:00 PM;B133
23547;201;BIOL;074;General Microbiology;MW;12:15 PM;01:35 PM;M205
23547;201;BIOL;074;General Microbiology;MW;08:30 AM;11:35 AM;B127
23550;202;BIOL;074;General Microbiology;MW;12:15 PM;01:35 PM;M205
23550;202;BIOL;074;General Microbiology;MW;01:55 PM;05:00 PM;B127
23553;203;BIOL;074;General Microbiology;TTH;05:00 PM;06:20 PM;B164
23553;203;BIOL;074;General Microbiology;TTH;06:30 PM;09:35 PM;B127
24438;201;BIS;007;Bus. Writing Skills;TTH;09:15 AM;10:35 AM;C244
24441;201;BIS;011;Computer Keyboarding;W;01:45 PM;02:35 PM;C244
24441;201;BIS;011;Computer Keyboarding;W;02:40 PM;05:30 PM;C244
27615;201;BIS;012;Business Document Production;TH;10:45 AM;12:05 PM;C244
27615;201;BIS;012;Business Document Production;TH;12:10 PM;01:30 PM;C244
24444;201;BIS;017;Medical Terminology;TH;06:00 PM;07:50 PM;C244
24447;202;BIS;017;Medical Terminology-Ih;F;10:00 AM;11:30 AM;C244
24450;201;BIS;039;Professional Image;TH;06:00 PM;07:50 PM;C244
24453;201;BIS;095;Microsoft Windows;S;09:00 AM;11:15 AM;C291
24453;201;BIS;095;Microsoft Windows;S;11:25 AM;01:40 PM;C291
24456;201;BIS;101;Professional Business Comm;M;06:00 PM;09:05 PM;C244
24459;201;BIS;102;Microsoft Excel;T;05:30 PM;07:55 PM;C283
24459;201;BIS;102;Microsoft Excel;T;08:00 PM;09:20 PM;C283
27618;202;BIS;102;Microsoft Excel;M;06:00 PM;09:05 PM;C283
24462;201;BIS;104;Microsoft Access;TH;06:00 PM;08:25 PM;C283
24462;201;BIS;104;Microsoft Access;TH;08:35 PM;09:55 PM;C283
27837;201;BIS;106;Microsoft Word-Ih;T;06:00 PM;06:50 PM;C244
27837;201;BIS;106;Microsoft Word-Ih;T;07:00 PM;07:50 PM;C244
24465;201;BIS;109;Ms Office;M;12:15 PM;02:40 PM;C244
24465;201;BIS;109;Ms Office;M;02:45 PM;04:05 PM;C244
27621;201;BIS;121;Intro to the World Wide Web;S;09:00 AM;10:05 AM;C283
27621;201;BIS;121;Intro to the World Wide Web;S;10:10 AM;01:35 PM;C283
24468;201;BIS;135;Hum Relations in Work Place;TTH;10:45 AM;12:05 PM;D211
24471;201;BIS;160;Computerized Medical Billing;W;10:45 AM;12:05 PM;C244
24471;201;BIS;160;Computerized Medical Billing;W;12:15 PM;01:35 PM;C244
27636;201;BIS;161;Computerized Med Office Proc;W;01:45 PM;02:35 PM;C244
27636;201;BIS;161;Computerized Med Office Proc;W;02:45 PM;05:35 PM;C244
24474;201;BUS;001;Business Math;TTH;01:45 PM;03:05 PM;D213
24477;201;BUS;060;Fundamentals of Bus Statistics;MW;10:45 AM;12:05 PM;P124
24480;202;BUS;060;Fundamentals of Bus Statistics;TTH;12:15 PM;01:35 PM;D105A
24483;203;BUS;060;Fundamentals of Bus Statistics;T;05:30 PM;08:35 PM;D105A
24486;201;BUS;071;Megal Environment of Business;TTH;09:15 AM;10:35 AM;C183
24489;202;BUS;071;Megal Environment of Business;W;06:30 PM;09:35 PM;D206
24492;203;BUS;071;Megal Environment of Business;MW;12:15 PM;01:35 PM;D105C
24495;201;BUS;082;Introduction to Business;MW;10:45 AM;12:05 PM;M183
24498;202;BUS;082;Introduction to Business-Ih;TTH;01:45 PM;03:05 PM;M183
24513;203;BUS;082;Introduction to Business;M;06:30 PM;09:35 PM;D207
24525;204;BUS;082;Introduction to Business;MW;01:45 PM;03:05 PM;D105C
27666;205;BUS;082;Introduction to Business;TTH;09:15 AM;10:35 AM;C131
24531;201;BUS;084;Intro to Marketing Principles;W;06:30 PM;09:35 PM;D105A
24570;201;CADD;130;Fundamentals of AutoCAD;T;06:30 PM;08:20 PM;M144
24570;201;CADD;130;Fundamentals of AutoCAD;TH;06:00 PM;09:05 PM;M142
24573;202;CADD;130;Fundamentals of AutoCAD;M;01:30 PM;03:20 PM;M144
24573;202;CADD;130;Fundamentals of AutoCAD;W;01:00 PM;04:05 PM;M142
24576;201;CADD;131;AutoCAD 2;MW;06:00 PM;09:05 PM;M144
24579;202;CADD;131;AutoCAD 2;TTH;12:30 PM;03:35 PM;M144
27696;201;CADD;133;Using Autodesk Inventor;S;09:00 AM;03:10 PM;M144
24582;201;CADD;134;Adv Autodesk Inventor;S;09:00 AM;03:10 PM;M144
27699;201;CADD;139;Using Solidworks;S;09:00 AM;03:10 PM;M144
24594;201;CADD;140B;Detailing and Assemblies;MW;06:00 PM;09:05 PM;M144
24591;202;CADD;140B;Detailing and Assemblies;TTH;12:30 PM;03:35 PM;M144
24597;201;CADD;144A;Architectural CADD Apps.;TTH;12:30 PM;03:35 PM;M144
24600;202;CADD;144A;Architectural CADD Apps.;MW;06:00 PM;09:05 PM;M144
24606;201;CADD;144B;Architectural CADD Apps.;MW;06:00 PM;09:05 PM;M144
24603;202;CADD;144B;Architectural CADD Apps.;TTH;12:30 PM;03:35 PM;M144
24585;201;CADD;145;CADD Applications-Landscaping;MW;06:00 PM;09:05 PM;M144
24588;202;CADD;145;CADD Applications-Landscaping;TTH;12:30 PM;03:35 PM;M144
23577;201;CHEM;001A;General Chemistry;MW;12:15 PM;01:35 PM;M256
23577;201;CHEM;001A;General Chemistry;MW;08:30 AM;11:35 AM;M295
23580;202;CHEM;001A;General Chemistry;MW;12:15 PM;01:35 PM;M256
23580;202;CHEM;001A;General Chemistry;MW;01:45 PM;04:50 PM;M295
23583;203;CHEM;001A;General Chemistry;MW;05:00 PM;06:20 PM;M256
23583;203;CHEM;001A;General Chemistry;MW;06:30 PM;09:35 PM;M295
23586;201;CHEM;001B;General Chemistry;MW;10:45 AM;12:05 PM;M256
23586;201;CHEM;001B;General Chemistry;MW;12:45 PM;03:50 PM;M203
23589;201;CHEM;012B;Organic Chemistry;TTH;09:15 AM;10:35 AM;M256
23589;201;CHEM;012B;Organic Chemistry;TTH;11:00 AM;02:05 PM;M307
23592;201;CHEM;015;Fundamentals of Chemistry;TTH;09:15 AM;10:35 AM;M205
23592;201;CHEM;015;Fundamentals of Chemistry;T;10:45 AM;01:50 PM;M266
23595;202;CHEM;015;Fundamentals of Chemistry;MW;09:15 AM;10:35 AM;M205
23595;202;CHEM;015;Fundamentals of Chemistry;M;10:45 AM;01:50 PM;M266
23598;203;CHEM;015;Fundamentals of Chemistry;MW;09:15 AM;10:35 AM;M205
23598;203;CHEM;015;Fundamentals of Chemistry;W;10:45 AM;01:50 PM;M266
23601;204;CHEM;015;Fundamentals of Chemistry-Af;MW;09:15 AM;10:35 AM;M205
23601;204;CHEM;015;Fundamentals of Chemistry-Af;W;10:45 AM;01:50 PM;M266
23604;205;CHEM;015;Fundamentals of Chemistry;TTH;09:15 AM;10:35 AM;M205
23604;205;CHEM;015;Fundamentals of Chemistry;TH;10:45 AM;01:50 PM;M266
23607;201;CHEM;030A;Introduction to Chemistry;MW;12:30 PM;01:20 PM;M280
23607;201;CHEM;030A;Introduction to Chemistry;M;02:00 PM;05:05 PM;M220
23610;202;CHEM;030A;Introduction to Chemistry;MW;12:30 PM;01:20 PM;M280
23610;202;CHEM;030A;Introduction to Chemistry;W;02:00 PM;05:05 PM;M220
23613;203;CHEM;030A;Introduction to Chemistry;TTH;12:30 PM;01:20 PM;M256
23613;203;CHEM;030A;Introduction to Chemistry;T;01:45 PM;04:50 PM;M220
23616;204;CHEM;030A;Introduction to Chemistry;TTH;12:30 PM;01:20 PM;M256
23616;204;CHEM;030A;Introduction to Chemistry;TH;01:45 PM;04:50 PM;M220
23619;205;CHEM;030A;Introduction to Chemistry;MW;05:30 PM;06:20 PM;M205
23619;205;CHEM;030A;Introduction to Chemistry;M;06:30 PM;09:35 PM;M220
23622;206;CHEM;030A;Introduction to Chemistry;MW;05:30 PM;06:20 PM;M205
23622;206;CHEM;030A;Introduction to Chemistry;W;06:30 PM;09:35 PM;M220
29124;207;CHEM;030A;Introduction to Chemistry;MW;08:00 AM;08:50 AM;M183
29124;207;CHEM;030A;Introduction to Chemistry;M;09:00 AM;12:05 PM;M220
29127;208;CHEM;030A;Introduction to Chemistry;MW;08:00 AM;08:50 AM;M183
29127;208;CHEM;030A;Introduction to Chemistry;W;09:00 AM;12:05 PM;M220
23625;201;CHEM;030B;Introduction to Chemistry;TTH;05:30 PM;06:20 PM;M256
23625;201;CHEM;030B;Introduction to Chemistry;T;06:30 PM;09:35 PM;M203
23628;202;CHEM;030B;Introduction to Chemistry;TTH;05:30 PM;06:20 PM;M256
23628;202;CHEM;030B;Introduction to Chemistry;TH;06:30 PM;09:35 PM;M203
24096;201;CII;205;Introductory Keyboarding;M;10:45 AM;12:05 PM;N208
24099;202;CII;205;Introductory Keyboarding;T;06:35 PM;07:55 PM;N208
24102;201;CII;215;Introductory Word Processing;TH;10:45 AM;12:05 PM;N208
24105;201;CII;220;Introductory Email & Internet;W;10:45 AM;12:05 PM;N208
27807;201;CII;230;Introductory Presentations;T;10:45 AM;01:05 PM;N208
24168;201;CII;235;Introductory Windows;TH;06:35 PM;07:55 PM;N208
24171;201;CII;275;Basic Computer Literacy;M;01:45 PM;03:05 PM;N208
24609;201;CIT;010;Computer and Info Technology;TTH;09:15 AM;10:35 AM;C283
24609;201;CIT;010;Computer and Info Technology;TH;10:45 AM;11:35 AM;C291
24612;202;CIT;010;Computer and Info Technology;TTH;10:45 AM;12:05 PM;C283
24612;202;CIT;010;Computer and Info Technology;TH;12:15 PM;01:05 PM;C291
24615;203;CIT;010;Computer and Info Technology;T;06:00 PM;09:05 PM;C291
24615;203;CIT;010;Computer and Info Technology;T;05:00 PM;05:50 PM;C291
24690;201;CIT;020;Program Design and Development;M;06:30 PM;08:55 PM;C290
24690;201;CIT;020;Program Design and Development;M;09:05 PM;10:25 PM;C290
24693;201;CIT;040;Web Design I;T;06:00 PM;08:25 PM;C290
24693;201;CIT;040;Web Design I;T;08:35 PM;09:55 PM;C290
24711;201;CIT;041J;Javascript/Dynamic Html-Ih;W;06:00 PM;07:10 PM;C283
24711;201;CIT;041J;Javascript/Dynamic Html-Ih;W;07:20 PM;08:10 PM;C290
24699;201;CIT;042;Perl Programming-Ih;W;06:00 PM;07:10 PM;C283
24699;201;CIT;042;Perl Programming-Ih;W;07:20 PM;08:10 PM;C283
27705;201;CIT;044;Java Programming;W;06:00 PM;08:25 PM;C290
27705;201;CIT;044;Java Programming;W;08:35 PM;09:55 PM;C290
22794;201;COMS;010;Interpersonal Communication;MW;09:15 AM;10:35 AM;D208
22797;202;COMS;010;Interpersonal Communication;TTH;12:15 PM;01:35 PM;D206
22800;203;COMS;010;Interpersonal Communication;T;06:00 PM;09:05 PM;D206
22803;204;COMS;010;Interpersonal Communication;S;12:15 PM;03:20 PM;D207
22806;201;COMS;020;Oral Communication;MW;07:45 AM;09:05 AM;D207
22809;202;COMS;020;Oral Communication-Asp;MW;09:15 AM;10:35 AM;D211
22812;203;COMS;020;Oral Communication;MW;10:45 AM;12:05 PM;D207
22815;204;COMS;020;Oral Communication;MW;12:15 PM;01:35 PM;D207
22818;205;COMS;020;Oral Communication;MW;03:15 PM;04:35 PM;D207
22821;206;COMS;020;Oral Communication;TTH;09:15 AM;10:35 AM;D212
22824;207;COMS;020;Oral Communication;TTH;10:45 AM;12:05 PM;D206
22827;208;COMS;020;Oral Communication;TTH;12:15 PM;01:35 PM;D207
22830;209;COMS;020;Oral Communication;TTH;01:45 PM;03:05 PM;D206
22833;210;COMS;020;Oral Communication;TH;06:00 PM;09:05 PM;D206
22836;211;COMS;020;Oral Communication;S;08:00 AM;11:05 AM;D207
27765;212;COMS;020;Oral Communication;MTWTHF;07:30 AM;10:45 AM;P204
28347;213;COMS;020;Oral Communication;MTWTHF;06:00 PM;09:15 PM;P204
22839;201;COMS;040;Introduction to Argumentation;TTH;03:15 PM;04:35 PM;D211
22842;202;COMS;040;Introduction to Argumentation;MW;01:45 PM;03:05 PM;D206
22845;203;COMS;040;Introduction to Argumentati-As;TTH;09:15 AM;10:35 AM;D207
22848;204;COMS;040;Introduction to Argumentation;TTH;10:45 AM;12:05 PM;D207
22851;205;COMS;040;Introduction to Argumentation;F;09:15 AM;12:20 PM;D207
27768;206;COMS;040;Introduction to Argumentation;MTWTHF;11:00 AM;02:15 PM;P204
22854;201;COMS;045;Small Group Communication-As;MW;09:15 AM;10:35 AM;D207
22857;202;COMS;045;Small Group Communication;MW;01:45 PM;03:05 PM;D207
22860;203;COMS;045;Small Group Communication;M;06:00 PM;09:05 PM;D105B
22863;204;COMS;045;Small Group Communication;MW;10:45 AM;12:05 PM;N358
22866;205;COMS;045;Small Group Communication;TTH;01:45 PM;03:05 PM;D207
24714;201;COMSC;075;Computer Science I;TTH;01:45 PM;03:05 PM;C283
24714;201;COMSC;075;Computer Science I;TTH;03:15 PM;04:35 PM;C283
24018;201;COUNS;013;Career Planning;M;06:00 PM;09:05 PM;D211
24024;202;COUNS;014;College Success;MW;03:45 PM;05:05 PM;D105A
24027;203;COUNS;014;College Success;TTH;10:45 AM;12:05 PM;D105A
28353;206;COUNS;014;College Success-Win;TTH;09:00 AM;12:05 PM;C290
28338;201;COUNS;015;Blueprint for Success-Win;TTH;10:00 AM;10:50 AM;C290
28350;201;COUNS;016;Career Self-Assessment-Win;TTH;11:00 AM;11:50 AM;C290
28002;201;COUNS;017;Transfer Simplified-En;F;09:00 AM;12:15 PM;N235
24036;201;COUNS;018;Planning an Educational Fut-En;F;09:00 AM;12:15 PM;D109
22869;201;DANCE;002;Dance Appreciation;MW;10:45 AM;12:05 PM;P119
22872;201;DANCE;020;Jazz Dance, Beginning;M;06:00 PM;09:05 PM;P120
22875;201;DANCE;021;Jazz Dance, Intermediate;M;06:00 PM;09:05 PM;P120
22878;201;DANCE;022;Social Dance;MW;12:15 PM;01:35 PM;P120
22881;201;DANCE;050;Modern Dance, Beginning;MW;09:15 AM;10:35 AM;P120
22884;201;DANCE;051;Modern Dance, Intermediate;MW;09:15 AM;10:35 AM;P120
24717;201;ECON;010A;Prin. of Macroeconomic Theory;MW;07:45 AM;09:05 AM;D213
24753;202;ECON;010A;Prin. of Macroeconomic Theory;MW;09:15 AM;10:35 AM;D213
24759;203;ECON;010A;Prin. of Macroeconomic Theory;TTH;09:15 AM;10:35 AM;D213
24765;204;ECON;010A;Prin. of Macroeconomic Theory;TH;06:30 PM;09:35 PM;D213
24771;201;ECON;010B;Intro to Microeconomic Theory;MW;10:45 AM;12:05 PM;D208
24777;202;ECON;010B;Intro to Microeconomic Theory;TTH;07:45 AM;09:05 AM;D213
24780;203;ECON;010B;Intro to Microeconomic Theory;T;06:30 PM;09:35 PM;D213
23667;201;EDUC;012MS;Math/Sci. Future Teach Seminar;MW;03:15 PM;04:35 PM;M147
23670;201;EDUC;013MS;Math & Science Future Teach II;MW;01:45 PM;03:05 PM;M147
21981;201;ENGL;001A;English Composition;MW;07:45 AM;09:05 AM;C106
21984;202;ENGL;001A;English Composition;MW;07:45 AM;09:05 AM;A110A
21987;203;ENGL;001A;English Composition;MW;09:15 AM;10:35 AM;A110A
21990;204;ENGL;001A;English Composition-En;MW;09:15 AM;10:35 AM;C106
21993;205;ENGL;001A;English Composition;MW;10:45 AM;12:05 PM;A110A
21996;206;ENGL;001A;English Composition-Asp;MW;10:45 AM;12:05 PM;C106
21999;207;ENGL;001A;English Composition;MW;12:15 PM;01:35 PM;A110A
22002;208;ENGL;001A;English Composition;MW;01:45 PM;03:05 PM;A110A
22005;209;ENGL;001A;English Composition;MW;01:45 PM;03:05 PM;D213
22008;210;ENGL;001A;English Composition;TTH;07:45 AM;09:05 AM;C105
22011;211;ENGL;001A;English Composition;TTH;09:15 AM;10:35 AM;A110A
22014;212;ENGL;001A;English Composition-En;TTH;09:15 AM;10:35 AM;N214
22017;213;ENGL;001A;English Composition;TTH;10:45 AM;12:05 PM;M272
22020;214;ENGL;001A;English Composition;TTH;12:15 PM;01:35 PM;D105B
22023;215;ENGL;001A;English Composition;TTH;01:45 PM;03:05 PM;A110A
22026;216;ENGL;001A;English Composition;TTH;01:45 PM;03:05 PM;A110B
22029;217;ENGL;001A;English Composition;TTH;04:45 PM;06:05 PM;D105C
22032;218;ENGL;001A;English Composition;M;06:30 PM;09:35 PM;A110A
22035;219;ENGL;001A;English Composition;T;06:30 PM;09:35 PM;A110A
22038;220;ENGL;001A;English Composition;W;06:30 PM;09:35 PM;A110A
22041;221;ENGL;001A;English Composition;TH;06:30 PM;09:35 PM;D207
22044;222;ENGL;001A;English Composition;S;09:00 AM;12:05 PM;A110A
22047;223;ENGL;001A;English Composition-Af;TTH;01:45 PM;03:05 PM;C107
22050;224;ENGL;001A;English Composition;MW;03:15 PM;06:30 PM;C106
22056;201;ENGL;001B;English Composition;MW;07:45 AM;09:05 AM;C105
22059;202;ENGL;001B;English Composition;MW;09:15 AM;10:35 AM;A110B
22062;203;ENGL;001B;English Composition;MW;12:15 PM;01:35 PM;N348
22065;204;ENGL;001B;English Composition;TTH;07:45 AM;09:05 AM;N213
22068;205;ENGL;001B;English Composition;TTH;09:15 AM;10:35 AM;D105A
22071;206;ENGL;001B;English Composition;TTH;10:45 AM;12:05 PM;M227
22074;207;ENGL;001B;English Composition;TTH;10:45 AM;12:05 PM;D105C
22077;208;ENGL;001B;English Composition;TTH;12:15 PM;01:35 PM;D105C
22080;209;ENGL;001B;English Composition;T;04:45 PM;07:50 PM;A110B
22083;210;ENGL;001B;English Composition;T;06:30 PM;09:35 PM;M271
22086;211;ENGL;001B;English Composition;S;08:30 AM;11:35 AM;C106
22089;212;ENGL;001B;English Composition-En;MW;10:45 AM;12:05 PM;A110B
22092;213;ENGL;001B;English Composition;MW;03:15 PM;06:20 PM;C106
27066;215;ENGL;001B;English Composition;TTH;01:45 PM;03:05 PM;D105C
27069;216;ENGL;001B;English Composition;F;09:00 AM;12:05 PM;A110A
22101;201;ENGL;001C;Critical Thinking/Composition;MW;09:15 AM;10:35 AM;C107
22104;202;ENGL;001C;Critical Thinking/Composition;MW;10:45 AM;12:05 PM;N213
22107;203;ENGL;001C;Critical Thinking/Composition;TTH;01:45 PM;03:05 PM;D105B
22110;204;ENGL;001C;Critical Thinking/Composition;W;06:30 PM;09:35 PM;D207
22113;205;ENGL;001C;Critical Thinking/Composition;W;06:30 PM;09:35 PM;A110B
27072;206;ENGL;001C;Critical Thinking/Composition;TTH;07:45 AM;09:05 AM;A110A
21858;201;ENGL;062;Asian/Asian-American Lit;TTH;12:15 PM;01:35 PM;C106
21861;201;ENGL;072;Fund of Creative Writing;TTH;09:15 AM;10:35 AM;C107
21825;201;ENGL;073;Introduction to Shakespeare;TTH;10:45 AM;12:05 PM;C106
22122;201;ENGL;084B;Survey of American Literature;MW;10:45 AM;12:05 PM;C107
22125;201;ENGL;086B;Survey English Literature II;MW;12:15 PM;01:35 PM;C107
27114;201;ENGL;102;College Reading;MW;09:15 AM;10:35 AM;D105A
27117;202;ENGL;102;College Reading;MW;10:45 AM;12:05 PM;D105A
27120;203;ENGL;102;College Reading;MW;12:15 PM;01:35 PM;A110B
27123;204;ENGL;102;College Reading;M;06:30 PM;09:35 PM;M272
27126;205;ENGL;102;College Reading;TTH;09:15 AM;10:35 AM;C106
27129;206;ENGL;102;College Reading-As;TTH;09:15 AM;10:35 AM;A110B
27132;207;ENGL;102;College Reading;TTH;10:45 AM;12:05 PM;A110B
27135;208;ENGL;102;College Reading;TTH;12:15 PM;01:35 PM;A110B
27138;209;ENGL;102;College Reading;TTH;10:45 AM;01:50 PM;C231
28161;201;ENGL;102L;College Reading Lab;M;12:15 PM;01:35 PM;C129
28167;202;ENGL;102L;College Reading Lab;M;01:55 PM;03:15 PM;C129
28170;203;ENGL;102L;College Reading Lab;T;09:15 AM;10:35 AM;C129
28173;204;ENGL;102L;College Reading Lab;T;10:45 AM;12:05 PM;C129
28176;205;ENGL;102L;College Reading Lab;W;12:15 PM;01:35 PM;C129
28182;206;ENGL;102L;College Reading Lab;W;01:45 PM;03:05 PM;C129
28185;207;ENGL;102L;College Reading Lab;TH;10:45 AM;12:05 PM;C129
28188;208;ENGL;102L;College Reading Lab;TH;12:15 PM;01:35 PM;C129
21891;201;ENGL;104;Fundamentals of Composition;MW;09:15 AM;10:35 AM;M226
21894;202;ENGL;104;Fundamentals of Composition-As;MW;09:15 AM;10:35 AM;C290
21897;203;ENGL;104;Fundamentals of Composition;MW;10:45 AM;12:05 PM;M226
21900;204;ENGL;104;Fundamentals of Composition;MW;12:15 PM;01:35 PM;M226
21903;205;ENGL;104;Fundamentals of Composition;TTH;07:45 AM;09:05 AM;C106
21906;206;ENGL;104;Fundamentals of Composition;TTH;09:15 AM;10:35 AM;M261
21909;207;ENGL;104;Fundamentals of Composition;TTH;09:15 AM;10:35 AM;M272
21912;208;ENGL;104;Fundamentals of Composition;TTH;10:45 AM;12:05 PM;M183
21915;209;ENGL;104;Fundamentals of Composition;TTH;12:15 PM;01:35 PM;M147
21918;210;ENGL;104;Fundamentals of Composition;T;06:30 PM;09:35 PM;C106
21921;211;ENGL;104;Fundamentals of Composition;W;06:30 PM;09:35 PM;M272
21927;212;ENGL;104;Fundamentals of Composition-Af;TTH;12:15 PM;01:35 PM;M272
21927;212;ENGL;104;Fundamentals of Composition-Af;TTH;10:45 AM;12:05 PM;M280
21930;213;ENGL;104;Fundamentals of Composition-En;MW;10:45 AM;12:05 PM;M271
21930;213;ENGL;104;Fundamentals of Composition-En;TTH;10:45 AM;12:05 PM;P108
21933;214;ENGL;104;Fundamentals of Composition;TTH;09:15 AM;10:35 AM;M227
22563;201;ENGL;321;Fundamentals of Reading;MW;09:15 AM;10:35 AM;C105
22566;202;ENGL;321;Fundamentals of Reading;MW;10:45 AM;12:05 PM;C105
22569;203;ENGL;321;Fundamentals of Reading;TTH;09:15 AM;10:35 AM;C105
22572;204;ENGL;321;Fundamentals of Reading;TTH;10:45 AM;12:05 PM;C105
22575;205;ENGL;321;Fundamentals of Reading;MW;12:15 PM;01:35 PM;C105
22128;201;ENGL;321L;Reading Laboratory;T;12:15 PM;03:20 PM;C129
22131;202;ENGL;321L;Reading Laboratory;T;12:15 PM;01:35 PM;C129
22134;203;ENGL;321L;Reading Laboratory;T;01:45 PM;03:05 PM;C129
27075;201;ENGL;322;Intro to College Reading;MW;09:15 AM;10:35 AM;C231
27141;202;ENGL;322;Intro to College Reading;MW;10:45 AM;12:05 PM;M227
27144;203;ENGL;322;Intro to College Reading;TTH;09:15 AM;10:35 AM;C231
27147;204;ENGL;322;Intro to College Reading;TTH;10:45 AM;12:05 PM;M190
27150;205;ENGL;322;Intro to College Reading;TTH;10:45 AM;01:50 PM;C231
27153;206;ENGL;322;Intro to College Reading;W;06:00 PM;09:05 PM;N348
28191;201;ENGL;322L;Intro to College Reading Lab;M;12:15 PM;01:35 PM;C129
28194;202;ENGL;322L;Intro to College Reading Lab;M;01:55 PM;03:15 PM;C129
28197;203;ENGL;322L;Intro to College Reading Lab;T;09:15 AM;10:35 AM;C129
28200;204;ENGL;322L;Intro to College Reading Lab;T;10:45 AM;12:05 PM;C129
28203;205;ENGL;322L;Intro to College Reading Lab;W;12:15 PM;01:35 PM;C129
28206;206;ENGL;322L;Intro to College Reading Lab;W;01:45 PM;03:05 PM;C129
28209;207;ENGL;322L;Intro to College Reading Lab;TH;10:45 AM;12:05 PM;C129
28212;208;ENGL;322L;Intro to College Reading Lab;TH;12:15 PM;01:35 PM;C129
22578;201;ENGL;330;Improvement of Writing;MW;09:15 AM;10:35 AM;N348
22581;202;ENGL;330;Improvement of Writing;MW;10:45 AM;12:05 PM;C231
22584;203;ENGL;330;Improvement of Writing;MW;01:45 PM;03:05 PM;C231
22587;204;ENGL;330;Improvement of Writing;TTH;09:15 AM;10:35 AM;M271
22590;205;ENGL;330;Improvement of Writing;TTH;10:45 AM;12:05 PM;N213
22593;206;ENGL;330;Improvement of Writing;TTH;12:15 PM;01:35 PM;N213
22596;207;ENGL;330;Improvement of Writing;W;06:30 PM;09:35 PM;M272
22599;208;ENGL;330;Improvement of Writing;TH;06:30 PM;09:35 PM;N348
22602;209;ENGL;330;Improvement of Writing-Af;TTH;12:15 PM;01:35 PM;M261
22602;209;ENGL;330;Improvement of Writing-Af;TTH;10:45 AM;12:05 PM;P124
22605;210;ENGL;330;Improvement of Writing-En;TTH;10:45 AM;12:05 PM;N346
22605;210;ENGL;330;Improvement of Writing-En;TTH;12:15 PM;01:35 PM;N348
22608;201;ENGL;341;Basic Sent/Para Development;MW;12:15 PM;01:35 PM;D105A
22611;202;ENGL;341;Basic Sent/Para Developmen-Asp;MW;10:45 AM;12:05 PM;D213
22614;203;ENGL;341;Basic Sent/Para Development;TTH;01:45 PM;03:05 PM;M272
22617;204;ENGL;341;Basic Sent/Para Development;TH;06:30 PM;09:35 PM;A110A
22620;205;ENGL;341;Basic Sent/Para Development;MW;01:45 PM;03:05 PM;D105A
27078;206;ENGL;341;Sentence/Paragraph Development;TTH;07:45 AM;09:05 AM;A110B
23631;201;ENGR;010;Engineering Processes & Tools;MW;06:00 PM;06:50 PM;M175
23631;201;ENGR;010;Engineering Processes & Tools;MW;07:00 PM;08:20 PM;M162
23634;201;ENGR;018;Engr Design & Graphics;TTH;09:15 AM;10:05 AM;M242
23634;201;ENGR;018;Engr Design & Graphics;TTH;10:15 AM;12:05 PM;M162
23637;201;ENGR;050;Introduction to Computing;MW;01:45 PM;03:05 PM;M175
23637;201;ENGR;050;Introduction to Computing;MW;03:15 PM;04:35 PM;M162
23640;201;ENGR;061;Plane Surveying;M;08:00 PM;09:50 PM;M147
23640;201;ENGR;061;Plane Surveying;M;04:45 PM;07:50 PM;M147
23643;201;ENGR;063;GIS for CE and Surveying;W;05:30 PM;07:20 PM;M147
23643;201;ENGR;063;GIS for CE and Surveying;F;05:30 PM;08:35 PM;M147
23646;201;ENGR;069;Statics;F;12:30 PM;03:35 PM;M175
23649;201;ENGR;071;Intro to Circuit Analysis;TTH;12:15 PM;01:35 PM;M175
23649;201;ENGR;071;Intro to Circuit Analysis;T;01:45 PM;04:50 PM;M117
23556;201;ENVIR;010;Environmental Science;MW;01:45 PM;03:05 PM;N357
23556;201;ENVIR;010;Environmental Science;M;10:25 AM;01:30 PM;B117
23559;202;ENVIR;010;Environmental Science;MW;01:45 PM;03:05 PM;N357
23559;202;ENVIR;010;Environmental Science;W;10:25 AM;01:30 PM;B117
23562;203;ENVIR;010;Environmental Science-En;WF;12:15 PM;01:35 PM;N357
23562;203;ENVIR;010;Environmental Science-En;W;02:30 PM;05:35 PM;B131
23565;204;ENVIR;010;Environmental Science;WF;12:15 PM;01:35 PM;N357
23565;204;ENVIR;010;Environmental Science;F;09:00 AM;12:05 PM;B131
23568;205;ENVIR;010;Environmental Science-Ih;M;06:30 PM;09:35 PM;B131
23571;206;ENVIR;010;Environmental Science-Ih;T;06:30 PM;09:35 PM;B131
22137;201;ESL;091;College Read and Write 2;MWF;10:45 AM;12:35 PM;M272
22140;202;ESL;091;College Read and Write 2-AS;TTHF;08:30 AM;10:20 AM;D206
22143;203;ESL;091;College Read and Write 2;TTH;06:30 PM;09:35 PM;M226
22266;201;ESL;091L;ESL Skills Development Lab;M;03:00 PM;04:20 PM;C129
22269;202;ESL;091L;ESL Skills Development Lab;T;09:00 AM;10:20 AM;C129
22272;203;ESL;091L;ESL Skills Development Lab;W;10:30 AM;11:50 AM;C129
22275;204;ESL;091L;ESL Skills Development Lab;W;01:30 PM;02:50 PM;C129
22278;205;ESL;091L;ESL Skills Development Lab;W;06:00 PM;07:20 PM;C129
22281;206;ESL;091L;ESL Skills Development Lab;TH;04:30 PM;05:50 PM;C129
22284;207;ESL;091L;ESL Skills Development Lab;F;10:40 AM;12:00 PM;C129
22287;208;ESL;091L;ESL Skills Development Lab;F;01:00 PM;02:20 PM;C129
28329;209;ESL;091L;ESL Skills Development Lab;W;12:00 PM;01:20 PM;C129
22146;201;ESL;302;Intro College Rdg and Wrtg;MW;09:15 AM;12:20 PM;N323
22149;202;ESL;302;Intro College Rdg and Wrtg;TTHF;10:45 AM;12:35 PM;C107
22152;203;ESL;302;Intro College Rdg and Wrtg;TTH;06:30 PM;09:35 PM;D105C
22290;201;ESL;302L;ESL Skills Development Lab;M;01:30 PM;02:50 PM;C129
22296;202;ESL;302L;ESL Skills Development Lab;M;06:00 PM;07:20 PM;C129
22299;203;ESL;302L;ESL Skills Development Lab;M;10:00 AM;11:20 AM;C129
22302;204;ESL;302L;ESL Skills Development Lab;T;01:30 PM;02:50 PM;C129
22305;205;ESL;302L;ESL Skills Development Lab;TH;03:00 PM;04:20 PM;C129
22308;206;ESL;302L;ESL Skills Development Lab;W;12:00 PM;01:20 PM;C129
22311;207;ESL;302L;ESL Skills Development Lab;W;04:30 PM;05:50 PM;C129
22314;208;ESL;302L;ESL Skills Development Lab;TH;11:00 AM;12:20 PM;C129
22317;209;ESL;302L;ESL Skills Development Lab;TH;01:30 PM;02:50 PM;C129
22155;201;ESL;312;Intro to the Essay;MW;07:45 AM;10:10 AM;D105C
22158;202;ESL;312;Intro to the Essay;TTH;10:45 AM;01:10 PM;M226
22161;203;ESL;312;Intro to the Essay;TTH;06:30 PM;08:55 PM;N323
22164;201;ESL;313;Introduction to College Readin;MW;10:45 AM;12:05 PM;D105C
22167;202;ESL;313;Introduction to College Readin;TTH;07:45 AM;09:05 AM;D207
22170;203;ESL;313;Introduction to College Readin;W;06:30 PM;09:35 PM;D105B
22173;204;ESL;313;Introduction to College Readin;TTH;10:45 AM;12:05 PM;N357
22176;201;ESL;314;Adv Listening and Speaking;TTH;10:45 AM;12:05 PM;D105C
22179;202;ESL;314;Adv Listening and Speaking;M;06:30 PM;09:35 PM;C231
28311;203;ESL;314;Adv Listening and Speaking;MW;01:45 PM;03:05 PM;D209
22182;201;ESL;322;Paragraph Development;MW;07:45 AM;10:10 AM;M261
22185;202;ESL;322;Paragraph Development;TTH;09:15 AM;11:40 AM;N348
22188;203;ESL;322;Paragraph Development;MW;06:30 PM;08:55 PM;D105C
22191;204;ESL;322;Paragraph Development;TTH;06:30 PM;08:55 PM;C299
22194;201;ESL;323;Reading and Vocabulary Develop;MW;10:45 AM;12:05 PM;D105B
22197;202;ESL;323;Reading and Vocabulary Develop;TTH;10:45 AM;12:05 PM;N323
22200;203;ESL;323;Reading and Vocabulary Develop;TH;06:30 PM;09:35 PM;A110B
27081;204;ESL;323;Reading and Vocabulary Develop;TTH;01:45 PM;03:05 PM;M227
22203;201;ESL;324;Misten/Speak Skills Dev;MW;08:30 AM;10:20 AM;C272
22206;202;ESL;324;Misten/Speak Skills Dev;TTH;12:15 PM;02:05 PM;N323
22209;203;ESL;324;Misten/Speak Skills Dev;MW;06:30 PM;08:20 PM;C226
28314;204;ESL;324;Misten/Speak Skills Dev;MW;01:45 PM;03:35 PM;D208
27084;201;ESL;327;English Pronunciation 2;M;06:30 PM;09:35 PM;N160
28332;202;ESL;327;English Pronunciation 2;M;06:30 PM;09:35 PM;D109
22212;201;ESL;332;Basic Writing Skills 2;MW;07:45 AM;09:35 AM;P206
22215;202;ESL;332;Basic Writing Skills 2;TTH;10:45 AM;12:35 PM;M271
22218;203;ESL;332;Basic Writing Skills 2;MW;06:30 PM;08:20 PM;N323
28326;204;ESL;332;Basic Writing Skills 2;TTH;01:45 PM;03:35 PM;D209
22221;201;ESL;333;Basic Reading Skills 2;MW;10:45 AM;12:05 PM;C290
22224;202;ESL;333;Basic Reading Skills 2;T;06:30 PM;09:35 PM;D207
22227;203;ESL;333;Basic Reading Skills 2;TTH;12:15 PM;01:35 PM;N190
27087;204;ESL;333;Basic Reading Skills 2;MW;07:45 AM;09:05 AM;A110B
28320;205;ESL;333;Basic Reading Skills 2;F;09:15 AM;12:20 PM;D105A
22230;201;ESL;334;Basic Listening/Speaking 2;TTH;08:00 AM;10:25 AM;M226
22233;202;ESL;334;Basic Listening/Speaking 2;MW;12:45 PM;03:10 PM;C106
22236;203;ESL;334;Basic Listening/Speaking 2;TTH;06:30 PM;08:55 PM;M147
28323;204;ESL;334;Basic Listening/Speaking 2;TTH;01:45 PM;04:10 PM;D105A
22239;201;ESL;345;Basic Writing Skills 1;MW;12:15 PM;02:05 PM;D105B
22242;202;ESL;345;Basic Writing Skills 1;TTH;10:45 AM;12:35 PM;A110A
22245;203;ESL;345;Basic Writing Skills 1;T;06:00 PM;10:05 PM;M227
22248;204;ESL;345;Basic Writing Skills 1;MW;06:00 PM;07:50 PM;M271
22251;201;ESL;346;Basic Reading Skills 1-ASP;MW;10:45 AM;12:05 PM;N348
22254;202;ESL;346;Basic Reading Skills 1;T;06:30 PM;09:35 PM;M261
27090;203;ESL;346;Basic Reading Skills 1;TTH;01:45 PM;03:05 PM;M261
22257;201;ESL;347;Basic Listening and Speaking 1;MW;08:00 AM;10:25 AM;M271
22260;202;ESL;347;Basic Listening and Speaking 1;TTH;08:00 AM;10:25 AM;N323
22263;203;ESL;347;Basic Listening and Speaking 1;MW;06:30 PM;08:55 PM;M261
27093;204;ESL;347;Basic Listening and Speaking 1;MW;01:45 PM;04:10 PM;A110B
22887;201;ETH;010;Intro to Ethnic Studies;MW;10:45 AM;12:05 PM;C131
22887;201;ETH;010;Intro to Ethnic Studies;MW;10:45 AM;12:05 PM;C131
22893;203;ETH;010;Intro to Ethnic Studies;TTH;10:45 AM;12:05 PM;C131
22893;203;ETH;010;Intro to Ethnic Studies;TTH;10:45 AM;12:05 PM;C131
22896;204;ETH;010;Intro to Ethnic Studies;T;06:00 PM;09:05 PM;N358
22896;204;ETH;010;Intro to Ethnic Studies;T;06:00 PM;09:05 PM;N358
22899;205;ETH;010;Intro to Ethnic Studies;MW;07:45 AM;09:05 AM;C131
22899;205;ETH;010;Intro to Ethnic Studies;MW;07:45 AM;09:05 AM;C131
22902;201;ETH;011;Ethnic Film: Reel Studies;TH;06:00 PM;09:05 PM;D105B
22905;201;ETH;020;African American Culture;TTH;12:15 PM;01:35 PM;A111
22908;202;ETH;020;African American Culture;T;06:00 PM;09:05 PM;D105B
22911;201;ETH;030;Chicana/O Culture;MW;09:15 AM;10:35 AM;A210B
22914;202;ETH;030;Chicana/O Culture;M;06:00 PM;09:05 PM;D208
22917;203;ETH;030;Chicana/O Culture;TTH;09:15 AM;10:35 AM;A111
22920;204;ETH;030;Chicana/O Culture;TH;06:00 PM;09:05 PM;N173
27771;205;ETH;030;Chicana/O Culture;MTWTHF;11:00 AM;02:15 PM;P119
22923;201;ETH;035;Sociology-Chicana/O Experience;TTH;12:15 PM;01:35 PM;A210B
27042;202;ETH;035;Sociology-Chicana/O Experience;MW;12:15 PM;01:35 PM;D208
22926;201;ETH;040;Vietnamese Amer.Culture/Exper.;MW;10:45 AM;12:05 PM;D212
22929;202;ETH;040;Vietnamese Amer.Cultre/Expe-As;TTH;10:45 AM;12:05 PM;D212
22932;203;ETH;040;Vietnamese Amer.Culture/Exper.;S;09:00 AM;12:05 PM;D109
22935;201;ETH;042;Asian American Culture/Exper.;MW;12:15 PM;01:35 PM;D212
22938;202;ETH;042;Asian American Cultre/Expr.-As;TH;06:00 PM;09:05 PM;D212
22941;203;ETH;042;Asian American Culture/Exper.;W;06:00 PM;09:05 PM;D109
25209;201;FCS;019;Nutrition;MW;12:15 PM;01:35 PM;B154
25212;202;FCS;019;Nutrition;TTH;10:45 AM;12:05 PM;B154
25215;203;FCS;019;Nutrition;W;06:30 PM;09:35 PM;A210B
27876;205;FCS;019;Nutrition;MW;01:45 PM;03:05 PM;A111
25224;201;FCS;050;Mife Management;MW;10:45 AM;12:05 PM;C183
25227;202;FCS;050;Mife Management;TTH;12:15 PM;01:35 PM;C183
25230;203;FCS;050;Mife Management;TTH;01:45 PM;03:05 PM;B154
25233;204;FCS;050;Mife Management;F;09:00 AM;12:05 PM;B164
25236;205;FCS;050;Mife Management;W;06:00 PM;09:05 PM;C183
27813;202;FCS;070;Child Development;W;06:00 PM;09:05 PM;D106
22944;201;GEOG;010;Intro to Physical Geography;MW;09:15 AM;10:35 AM;D109
25245;201;HED;011;Dynamic Health Concepts;F;09:00 AM;12:05 PM;M183
25248;202;HED;011;Dynamic Health Concepts;TTH;01:45 PM;03:05 PM;M183
28236;204;HED;011;Dynamic Health Concepts;T;01:30 PM;04:35 PM;A210B
22947;201;HIST;001;Survey of American History-As;MW;12:15 PM;01:35 PM;D206
22950;202;HIST;001;Survey of American History;MW;10:45 AM;12:05 PM;M261
22953;203;HIST;001;Survey of American History;M;06:00 PM;09:05 PM;P119
22956;204;HIST;001;Survey of American History;TTH;12:15 PM;01:35 PM;N358
22959;205;HIST;001;Survey of American History;TTH;09:15 AM;10:35 AM;M168
22962;206;HIST;001;Survey of American History;W;06:00 PM;09:05 PM;N358
27774;207;HIST;001;Survey of American History;MTWTHF;11:00 AM;02:15 PM;P124
22977;201;HIST;003B;World History From 1500;T;06:00 PM;09:05 PM;D211
22980;201;HIST;010B;Development of Western Culture;MW;09:15 AM;10:35 AM;N358
22965;201;HIST;014;Women in American History;MW;09:15 AM;10:35 AM;N160
22983;201;HIST;017A;History of the United States;MW;07:45 AM;09:05 AM;D109
22986;202;HIST;017A;History of the United States;MW;10:45 AM;12:05 PM;N160
22989;203;HIST;017A;History of the United States;MW;12:15 PM;01:35 PM;M168
22992;204;HIST;017A;History of the United States;MW;01:45 PM;03:05 PM;N160
22995;205;HIST;017A;History of the United States;MW;03:15 PM;04:35 PM;N160
22998;206;HIST;017A;History of the United States;TTH;07:45 AM;09:05 AM;N358
23001;207;HIST;017A;History of the United States;TTH;09:15 AM;10:35 AM;D109
23004;208;HIST;017A;History of the United States;TTH;10:45 AM;12:05 PM;M168
23007;209;HIST;017A;History of the United States;TTH;01:45 PM;03:05 PM;N160
23010;210;HIST;017A;History of the United States;M;06:00 PM;09:05 PM;N358
23013;211;HIST;017A;History of the United States;T;06:00 PM;09:05 PM;N160
23016;212;HIST;017A;History of the United States;W;06:00 PM;09:05 PM;M168
27852;216;HIST;017A;History of the United States;F;09:45 AM;12:50 PM;N358
23019;201;HIST;017B;History of the United States;MW;09:15 AM;10:35 AM;N173
23022;202;HIST;017B;History of the United States;MW;10:45 AM;12:05 PM;M168
23025;203;HIST;017B;History of the United States;MW;12:15 PM;01:35 PM;N160
23028;204;HIST;017B;History of the United States;MW;03:15 PM;04:35 PM;M168
23031;205;HIST;017B;History of the United States;TTH;10:45 AM;12:05 PM;N358
23034;206;HIST;017B;History of the United States;TTH;09:15 AM;10:35 AM;N160
23037;207;HIST;017B;History of the United States;TTH;10:45 AM;12:05 PM;N160
23040;208;HIST;017B;History of the United States;TTH;12:15 PM;01:35 PM;P124
23043;209;HIST;017B;History of the United States;W;06:00 PM;09:05 PM;N160
23046;210;HIST;017B;History of the United States;TH;06:00 PM;09:05 PM;P119
27048;212;HIST;017B;History of the United States;F;09:45 AM;12:50 PM;N160
22968;201;HIST;021;African American History;TTH;10:45 AM;12:05 PM;A210B
22971;201;HIST;022;Mexican-American History;T;06:00 PM;09:05 PM;M168
22974;201;HIST;045;Post-1945 America;TTH;01:45 PM;03:05 PM;N358
23061;201;JOURN;010;Mass Media and Communications;MW;10:45 AM;12:05 PM;P207
23064;201;JOURN;014;Newswriting and Reporting;MW;12:15 PM;01:35 PM;P207
24783;201;MA;010;Intro to Law, Legal Research,;W;06:30 PM;09:35 PM;D211
24786;202;MA;010;Intro to Law, Legal Researc-Ih;T;09:15 AM;10:35 AM;D208
27708;201;MA;011;Overview-Contracts, Property;M;06:00 PM;09:05 PM;D105A
24789;201;MA;016;Calif.Courts and Litigation-Ih;T;10:45 AM;12:05 PM;C188
24909;201;MA;038;Family Law;TH;06:30 PM;09:35 PM;D109
27711;201;MA;040;Criminal Law;TH;06:30 PM;09:35 PM;D105A
24912;201;MA;042;Corporate and Partnership Law;M;06:00 PM;09:05 PM;D105A
24954;201;MA;044;Intellectual Property Law;T;06:00 PM;09:05 PM;N190
24957;201;MA;071;Legal Research;W;06:00 PM;09:05 PM;N236
23673;201;MATH;013;Intermediate Algebra;MTWTH;08:00 AM;09:05 AM;M205
23676;202;MATH;013;Intermediate Algebra;MTWTH;09:15 AM;10:20 AM;D107
23679;203;MATH;013;Intermediate Algebra;MTWTH;10:45 AM;11:50 AM;D107
23682;204;MATH;013;Intermediate Algebra;MTWTH;12:15 PM;01:20 PM;M242
23685;205;MATH;013;Intermediate Algebra;MTWTH;01:45 PM;02:50 PM;D107
23688;206;MATH;013;Intermediate Algebra;MW;03:15 PM;05:40 PM;M229
23691;207;MATH;013;Intermediate Algebra;TTH;06:00 PM;08:25 PM;M229
23694;208;MATH;013;Intermediate Algebra;MW;06:00 PM;08:25 PM;D107
23697;209;MATH;013;Intermediate Algebra;MTWTH;09:15 AM;10:20 AM;D108
23700;210;MATH;013;Intermediate Algebra-En;MTWTH;10:45 AM;11:50 AM;M229
23706;212;MATH;013;Intermediate Algebra;MTWTH;01:45 PM;02:50 PM;M280
23709;213;MATH;013;Intermediate Algebra;MTWTH;10:45 AM;11:50 AM;M205
23712;214;MATH;013;Intermediate Algebra;MW;03:15 PM;05:40 PM;M242
23715;215;MATH;013;Intermediate Algebra-Af;MW;03:15 PM;05:40 PM;M242
23718;216;MATH;013;Intermediate Algebra-As;MTWTH;12:15 PM;01:20 PM;M242
23721;201;MATH;014;Geometry;TTH;10:45 AM;12:05 PM;B154
23724;202;MATH;014;Geometry;TH;06:00 PM;09:05 PM;M175
23727;203;MATH;014;Geometry;MW;10:45 AM;12:05 PM;M175
23733;204;MATH;014;Geometry;MW;12:15 PM;01:35 PM;M175
28842;205;MATH;014;Geometry;TTH;03:15 PM;04:35 PM;M229
23736;201;MATH;021;Precalculus Algebra;TTH;01:45 PM;03:05 PM;M175
23745;202;MATH;021;Precalculus Algebra;MW;10:45 AM;12:05 PM;N346
23748;203;MATH;021;Precalculus Algebra;M;06:00 PM;09:05 PM;B144
23751;201;MATH;022;Trigonometry;TTH;09:15 AM;10:35 AM;N346
23754;201;MATH;025;Precalculus Algebra and Trig;MTWTH;12:15 PM;01:20 PM;D108
23757;202;MATH;025;Precalculus Algebra and Trig;TTH;06:00 PM;08:25 PM;M242
23763;201;MATH;052;Math for Elementary Education;TTH;02:00 PM;03:20 PM;C231
23766;201;MATH;061;Finite Mathematics;MW;09:15 AM;10:35 AM;N346
23769;202;MATH;061;Finite Mathematics;TTH;10:45 AM;12:05 PM;N346
23772;203;MATH;061;Finite Mathematics;MW;06:00 PM;07:20 PM;M242
23775;201;MATH;062;Calculus for Bus/Soc Science;TTH;12:15 PM;01:35 PM;N346
23778;202;MATH;062;Calculus for Bus/Soc Science;MW;01:45 PM;03:05 PM;M229
23781;203;MATH;062;Calculus for Bus/Soc Science;T;06:00 PM;09:05 PM;M175
23784;201;MATH;063;Elementary Statistics-As;MW;09:15 AM;10:35 AM;M242
23790;202;MATH;063;Elementary Statistics;MW;09:15 AM;10:35 AM;P108
23793;203;MATH;063;Elementary Statistics;MW;09:15 AM;10:35 AM;M242
23796;204;MATH;063;Elementary Statistics;MW;10:45 AM;12:05 PM;M188
23799;205;MATH;063;Elementary Statistics;MW;12:15 PM;01:35 PM;M147
23802;206;MATH;063;Elementary Statistics;MW;06:30 PM;07:50 PM;M205
23805;207;MATH;063;Elementary Statistics;TTH;09:15 AM;10:35 AM;M280
23808;208;MATH;063;Elementary Statistics;TTH;10:45 AM;12:05 PM;M175
23814;210;MATH;063;Elementary Statistics-En;TTH;01:45 PM;03:05 PM;M229
23826;214;MATH;063;Elementary Statistics;MW;01:45 PM;03:05 PM;D108
27750;215;MATH;063;Elementary Statistics;MTWTHF;07:30 AM;10:45 AM;P124
23829;201;MATH;071;Calc I W/Analytic Geometry;MTWTH;07:45 AM;08:50 AM;B164
23832;202;MATH;071;Calc I W/Analytic Geometry;MTWTH;01:45 PM;02:50 PM;B164
23835;203;MATH;071;Calc I W/Analytic Geometry;MW;06:00 PM;08:25 PM;M229
23838;204;MATH;071;Calc I W/Analytic Geometry;TTH;06:00 PM;08:25 PM;B144
23841;201;MATH;072;Calculus II W/Analytic Geomtry;MTWTH;12:15 PM;01:20 PM;M229
23844;202;MATH;072;Calculus II W/Analytic Geomtry;TTH;06:00 PM;08:25 PM;N346
23847;203;MATH;072;Calculus II W/Analytic Geomtry;MTWTH;09:15 AM;10:20 AM;M175
23850;201;MATH;073;Multivariable Calculus;MW;12:15 PM;02:40 PM;N346
28845;202;MATH;073;Multivariable Calculus;MW;01:45 PM;04:10 PM;P119
23853;201;MATH;078;Differential Equations;MW;06:00 PM;07:20 PM;N346
23856;201;MATH;111;Elementary Algebra;MTWTH;08:00 AM;09:05 AM;M229
23859;202;MATH;111;Elementary Algebra;MTWTH;10:45 AM;11:50 AM;M242
23862;203;MATH;111;Elementary Algebra;MTWTH;12:15 PM;01:20 PM;D107
23865;204;MATH;111;Elementary Algebra;MW;06:00 PM;08:25 PM;D108
23868;205;MATH;111;Elementary Algebra;TTH;06:00 PM;08:25 PM;D108
23871;206;MATH;111;Elementary Algebra;MTWTH;08:00 AM;09:05 AM;D107
23874;207;MATH;111;Elementary Algebra;MTWTH;09:15 AM;10:20 AM;M147
23877;208;MATH;111;Elementary Algebra-Ih;TH;12:15 PM;01:25 PM;M188
23880;209;MATH;111;Elementary Algebra-En;MTWTH;09:15 AM;10:20 AM;M229
23883;210;MATH;111;Elementary Algebra;MTWTH;08:00 AM;09:05 AM;M242
23886;211;MATH;111;Elementary Algebra-Ih;T;01:45 PM;02:50 PM;M188
23889;212;MATH;111;Elementary Algebra;MTWTH;09:15 AM;10:20 AM;D107
23892;213;MATH;111;Elementary Algebra;TTH;03:15 PM;05:40 PM;M242
23895;214;MATH;111;Elementary Algebra;MTWTH;01:45 PM;02:50 PM;M242
23898;215;MATH;111;Elementary Algebra;MTWTH;10:45 AM;11:50 AM;D108
27804;201;MATH;115;Algebra for Statistics;MTWTH;09:15 AM;10:35 AM;M229
23901;201;MATH;300;Basic Math Skills;TTH;01:45 PM;03:05 PM;N346
23904;201;MATH;310;Basic Mathematics;MW;09:15 AM;10:35 AM;M188
23907;202;MATH;310;Basic Mathematics;MW;10:45 AM;12:05 PM;M147
23910;203;MATH;310;Basic Mathematics;MW;01:45 PM;03:05 PM;M256
23913;204;MATH;310;Basic Mathematics;M;06:00 PM;09:05 PM;B154
23916;205;MATH;310;Basic Mathematics;TTH;10:45 AM;12:05 PM;M256
23919;206;MATH;310;Basic Mathematics;TTH;12:15 PM;01:35 PM;M280
23922;207;MATH;310;Basic Mathematics;TTH;01:45 PM;03:05 PM;M256
27861;208;MATH;310;Basic Mathematics;MTWTH;07:45 AM;09:05 AM;M256
23925;201;MATH;311;Pre-Algebra;MW;10:45 AM;12:05 PM;B154
23928;202;MATH;311;Pre-Algebra;MW;12:15 PM;01:35 PM;M188
23931;203;MATH;311;Pre-Algebra;MW;01:45 PM;03:05 PM;M188
23934;204;MATH;311;Pre-Algebra;TTH;07:45 AM;09:05 AM;M280
23937;205;MATH;311;Pre-Algebra;TTH;10:45 AM;12:05 PM;M147
23940;206;MATH;311;Pre-Algebra;T;06:00 PM;09:05 PM;D107
27858;207;MATH;311;Pre-Algebra;MTWTH;07:45 AM;09:05 AM;M256
23067;201;MUSIC;023;Class Voice;TTH;12:15 PM;01:35 PM;P109
23112;201;MUSIC;050A;Beginning Piano;MW;03:15 PM;04:35 PM;P107
23115;202;MUSIC;050A;Beginning Piano;TH;06:00 PM;09:05 PM;P107
23118;201;MUSIC;050B;Beginning Piano;TH;06:00 PM;09:05 PM;P107
23121;201;MUSIC;053A;Beginning Voice;MW;12:15 PM;01:35 PM;P109
23124;201;MUSIC;053B;Beginning Voice;TTH;12:15 PM;01:35 PM;P109
23070;201;MUSIC;091;Music App-Western Civilization;MW;10:45 AM;12:05 PM;P108
23073;201;MUSIC;092;Mus App: Amer. Musical Theater;TH;12:15 PM;03:20 PM;P108
23076;202;MUSIC;092;Mus App: Amer. Musical Theater;T;06:00 PM;09:05 PM;P108
23079;201;MUSIC;093;Introduction to Film Music;W;06:00 PM;09:05 PM;P108
23082;201;MUSIC;099;Introductory Music;MW;07:45 AM;09:05 AM;P107
23085;202;MUSIC;099;Introductory Music;MW;09:15 AM;10:35 AM;P107
23088;203;MUSIC;099;Introductory Music;MW;10:45 AM;12:05 PM;P107
23091;204;MUSIC;099;Introductory Music;MW;12:15 PM;01:35 PM;P107
23094;205;MUSIC;099;Introductory Music;MW;01:45 PM;03:05 PM;P107
23097;206;MUSIC;099;Introductory Music;TTH;09:15 AM;10:35 AM;P107
23100;207;MUSIC;099;Introductory Music;TTH;10:45 AM;12:05 PM;P107
23103;208;MUSIC;099;Introductory Music;TTH;12:15 PM;01:35 PM;P207
23106;209;MUSIC;099;Introductory Music;M;06:00 PM;09:05 PM;P107
23109;210;MUSIC;099;Introductory Music;F;09:15 AM;12:20 PM;P107
25953;201;NURS;001;Fundamentals of Nursing;MT;08:00 AM;10:10 AM;B144
25953;201;NURS;001;Fundamentals of Nursing;W;09:00 AM;10:35 AM;B205
25956;202;NURS;001;Fundamentals of Nursing;MT;08:00 AM;10:10 AM;B144
25956;202;NURS;001;Fundamentals of Nursing;F;12:30 PM;02:05 PM;B205
25959;203;NURS;001;Fundamentals of Nursing;MT;08:00 AM;10:10 AM;B144
25962;204;NURS;001;Fundamentals of Nursing;MT;08:00 AM;10:10 AM;B144
25962;204;NURS;001;Fundamentals of Nursing;F;02:30 PM;04:05 PM;B205
25962;204;NURS;001;Fundamentals of Nursing;F;02:30 PM;04:05 PM;B205
25995;201;NURS;002A;Basic Medical-Surgical Nursing;MTH;11:00 AM;01:30 PM;B223
25998;202;NURS;002A;Basic Medical-Surgical Nursing;MTH;11:00 AM;01:30 PM;B223
26001;203;NURS;002A;Basic Medical-Surgical Nursing;MTH;11:00 AM;01:25 PM;B223
26004;204;NURS;002A;Basic Medical-Surgical Nursing;MTH;11:00 AM;01:25 PM;B223
26007;201;NURS;002B;Maternity Nursing;MW;08:00 AM;10:30 AM;B223
26010;202;NURS;002B;Maternity Nursing;MW;08:00 AM;10:30 AM;B223
26013;203;NURS;002B;Maternity Nursing;MW;08:00 AM;10:30 AM;B223
26016;204;NURS;002B;Maternity Nursing;MW;08:00 AM;10:30 AM;B223
25965;201;NURS;003;Adv. Pedi. & Med.-Surg. Nurs.;MF;08:00 AM;10:10 AM;B154
25968;202;NURS;003;Adv. Pedi. & Med.-Surg. Nurs.;MF;08:00 AM;10:10 AM;B154
25971;203;NURS;003;Adv. Pedi. & Med.-Surg. Nurs.;MF;08:00 AM;10:10 AM;B154
25974;204;NURS;003;Adv. Pedi. & Med.-Surg. Nurs.;MF;08:00 AM;10:10 AM;B154
25977;201;NURS;004;Adv Med-Surg/Geri/Mental/Lead;MF;10:35 AM;01:50 PM;B144
25980;202;NURS;004;Adv Med-Surg/Geri/Mental/Lead;MF;10:35 AM;01:50 PM;B144
25983;203;NURS;004;Adv Med-Surg/Geri/Mental/Lead;MF;10:35 AM;01:50 PM;B144
25986;204;NURS;004;Adv Med-Surg/Geri/Mental/Lead;MF;10:35 AM;01:50 PM;B144
25989;201;NURS;109;CNA/HHA;MW;12:30 PM;04:20 PM;M183
25989;201;NURS;109;CNA/HHA;W;12:30 PM;04:20 PM;M183
25989;201;NURS;109;CNA/HHA;M;09:00 AM;12:50 PM;B227
25992;202;NURS;109;CNA/HHA;MW;12:30 PM;04:20 PM;M183
25992;202;NURS;109;CNA/HHA;W;12:30 PM;04:20 PM;M183
25992;202;NURS;109;CNA/HHA;M;01:30 PM;05:20 PM;B227
26019;201;NURS;131A;Nursing Resource Center, Lab 1;T;10:30 AM;01:35 PM;B205
26022;202;NURS;131A;Nursing Resource Center, Lab 1;T;02:00 PM;05:05 PM;B205
26025;201;NURS;131B;Nursing Resource Center, Lab 2;F;08:00 AM;11:05 AM;B227
26025;201;NURS;131B;Nursing Resource Center, Lab 2;F;08:00 AM;11:05 AM;B227
26025;201;NURS;131B;Nursing Resource Center, Lab 2;M;11:30 AM;02:35 PM;B205
26025;201;NURS;131B;Nursing Resource Center, Lab 2;M;11:30 AM;02:35 PM;B205
26028;202;NURS;131B;Nursing Resource Center, Lab 2;F;08:00 AM;11:05 AM;B227
26028;202;NURS;131B;Nursing Resource Center, Lab 2;F;08:00 AM;11:05 AM;B227
26028;202;NURS;131B;Nursing Resource Center, Lab 2;M;11:30 AM;02:35 PM;B205
26028;202;NURS;131B;Nursing Resource Center, Lab 2;M;11:30 AM;02:35 PM;B205
26031;201;NURS;132A;Nursing Resource Center, Lab 3;F;11:15 AM;12:35 PM;B205
26031;201;NURS;132A;Nursing Resource Center, Lab 3;F;11:15 AM;12:35 PM;B205
26031;201;NURS;132A;Nursing Resource Center, Lab 3;T;03:30 PM;04:50 PM;B205
26031;201;NURS;132A;Nursing Resource Center, Lab 3;T;03:30 PM;04:50 PM;B205
23127;201;PED;009;Beginning Badminton;TTH;09:15 AM;10:35 AM;GYM
23130;202;PED;009;Beginning Badminton;TTH;04:15 PM;05:35 PM;GYM
23133;203;PED;009;Beginning Badminton;TTH;06:00 PM;07:20 PM;GYM
23136;201;PED;012;Intermediate Basketball;MW;09:15 AM;10:35 AM;GYM
23139;202;PED;012;Intermediate Basketball;TTH;01:45 PM;03:05 PM;GYM
23253;201;PED;022A;Adapted Cross Training-Dsp;TTH;12:15 PM;01:35 PM;A206
23142;201;PED;023;Cardio Kickboxing;MW;10:45 AM;12:05 PM;A210
23145;202;PED;023;Cardio Kickboxing;MW;12:15 PM;01:35 PM;A210
23148;201;PED;031;Mifetime Fitness;MW;12:15 PM;01:05 PM;A210B
23148;201;PED;031;Mifetime Fitness;MW;01:15 PM;02:35 PM;A208
23151;202;PED;031;Mifetime Fitness;TTH;01:45 PM;02:35 PM;A210B
23151;202;PED;031;Mifetime Fitness;TTH;02:45 PM;04:05 PM;A208
23154;201;PED;033;Intro to Kinesiology & P. E.;MW;09:15 AM;10:35 AM;M227
23157;202;PED;033;Intro to Kinesiology & P. E.;W;03:30 PM;06:35 PM;A111
23160;201;PED;038;Soccer - Recreational;TTH;01:45 PM;03:05 PM;FLD
23163;202;PED;038;Soccer - Recreational;M;06:30 PM;09:35 PM;GYM
23166;203;PED;038;Soccer - Recreational;TTH;10:45 AM;12:05 PM;FLD
23169;201;PED;039;Hatha Yoga;MW;09:15 AM;10:35 AM;A208
23172;202;PED;039;Hatha Yoga;TTH;10:45 AM;12:05 PM;A208
23175;203;PED;039;Hatha Yoga;TTH;07:45 AM;09:05 AM;A208
23178;201;PED;040;Softball;TTH;12:15 PM;01:35 PM;FLD
23181;202;PED;040;Softball;W;12:15 PM;03:20 PM;FLD
23184;201;PED;043;Pilates Mat Workout;MW;07:45 AM;09:05 AM;A210
23187;202;PED;043;Pilates Mat Workout;TTH;09:15 AM;10:35 AM;A210
23256;201;PED;047A;Tennis, Beginning;TTH;10:45 AM;12:05 PM;TC
23259;202;PED;047A;Tennis, Beginning;TTH;01:45 PM;03:05 PM;TC
23190;201;PED;051;Table Tennis;MW;10:45 AM;12:05 PM;GYM
23193;202;PED;051;Table Tennis;TTH;12:15 PM;01:35 PM;GYM
23196;201;PED;052;Volleyball;MW;12:15 PM;01:35 PM;GYM
23199;201;PED;053;Walk/Jog;MW;09:15 AM;10:35 AM;A210
23202;202;PED;053;Walk/Jog;TTH;10:45 AM;12:05 PM;A210
23205;203;PED;053;Walk/Jog;TTH;12:15 PM;01:35 PM;A210
23208;204;PED;053;Walk/Jog;TTH;01:45 PM;03:05 PM;A210
23211;201;PED;055;Aerobics With Music;W;06:00 PM;09:05 PM;A210
27051;202;PED;055;Aerobics With Music;T;06:00 PM;09:05 PM;A210
27051;202;PED;055;Aerobics With Music;T;06:00 PM;09:05 PM;A210
23214;201;PED;056;Weight Training;MW;10:45 AM;12:05 PM;GYM
23217;202;PED;056;Weight Training;MW;12:15 PM;01:35 PM;GYM
23220;203;PED;056;Weight Training;MW;06:00 PM;07:20 PM;GYM
23223;204;PED;056;Weight Training;TTH;09:15 AM;10:35 AM;GYM
23226;205;PED;056;Weight Training;TTH;10:45 AM;12:05 PM;GYM
23229;206;PED;056;Weight Training;TTH;12:15 PM;01:35 PM;GYM
23232;207;PED;056;Weight Training;TTH;01:45 PM;03:05 PM;GYM
23457;208;PED;056;Weight Training;T;06:00 PM;09:05 PM;A210
23262;201;PED;056A;Adapted Strength Condition-Dsp;TTH;01:45 PM;03:05 PM;A206
23238;201;PED;058;Sports Cndtn for Comp Athlete;MW;03:15 PM;04:35 PM;GYM
23241;201;PED;062;Soccer Theory;MW;04:00 PM;04:50 PM;A109
23244;201;PED;064;Soccer - Competitive;MW;06:00 PM;09:05 PM;FLD
23247;202;PED;064;Soccer - Competitive;TTH;03:30 PM;06:35 PM;FLD
23265;201;PED;069H;Outdoor Education-Hiking;W;03:15 PM;06:15 PM;A210B
23250;201;PED;070;Fitness Walking;MW;01:45 PM;03:05 PM;A210
23268;201;PHIL;010;Introduction to Philosophy;MW;09:15 AM;10:35 AM;D105B
23271;202;PHIL;010;Introduction to Philosophy;MW;10:45 AM;12:05 PM;N173
23274;203;PHIL;010;Introduction to Philosophy;M;06:00 PM;09:05 PM;D106
23277;204;PHIL;010;Introduction to Philosophy;T;06:00 PM;09:05 PM;D208
23280;201;PHIL;060;Mogic and Critical Thinking;MW;09:15 AM;10:35 AM;N213
23283;202;PHIL;060;Mogic and Critical Thinking;MW;12:15 PM;01:35 PM;P119
23286;203;PHIL;060;Mogic and Critical Thinking;TTH;10:45 AM;12:05 PM;D105B
23289;204;PHIL;060;Mogic and Critical Thinking;TTH;12:15 PM;01:35 PM;D208
27786;205;PHIL;060;Mogic and Critical Thinking;MTWTHF;02:30 PM;05:45 PM;P124
23292;201;PHIL;065;Introduction to Ethics;MW;01:45 PM;03:05 PM;D212
23295;201;PHOTO;022;Beginning Photography;TTH;10:45 AM;11:35 AM;N155
23295;201;PHOTO;022;Beginning Photography;TTH;11:45 AM;01:35 PM;N155
23964;201;PHYS;001;Introductory Physics;M;09:15 AM;11:05 AM;M306
23964;201;PHYS;001;Introductory Physics;W;09:15 AM;12:20 PM;M306
23970;201;PHYS;002A;General Physics;W;09:00 AM;12:05 PM;B144
23970;201;PHYS;002A;General Physics;T;09:00 AM;12:05 PM;M298
23973;202;PHYS;002A;General Physics;W;09:00 AM;12:05 PM;B144
23973;202;PHYS;002A;General Physics;TH;09:00 AM;12:05 PM;M298
23976;203;PHYS;002A;General Physics;T;05:30 PM;08:35 PM;M298
23976;203;PHYS;002A;General Physics;TH;05:30 PM;08:35 PM;M298
23979;201;PHYS;002B;General Physics;T;09:05 AM;12:10 PM;M244
23979;201;PHYS;002B;General Physics;TH;09:05 AM;12:10 PM;M244
23982;201;PHYS;004A;General Physics;MW;10:15 AM;12:05 PM;M280
23982;201;PHYS;004A;General Physics;T;02:00 PM;05:05 PM;M298
23985;202;PHYS;004A;General Physics;MW;10:15 AM;12:05 PM;M280
23985;202;PHYS;004A;General Physics;TH;02:00 PM;05:05 PM;M298
23988;201;PHYS;004B;General Physics;MW;08:15 AM;10:05 AM;M280
23988;201;PHYS;004B;General Physics;MW;10:30 AM;11:50 AM;M244
28263;202;PHYS;004B;General Physics;MW;08:15 AM;10:05 AM;M280
28263;202;PHYS;004B;General Physics;W;12:15 PM;03:20 PM;M244
23991;201;PHYS;004C;General Physics;MW;05:30 PM;07:20 PM;M280
23991;201;PHYS;004C;General Physics;MW;07:30 PM;08:50 PM;M306
23994;201;PHYSC;012;Earth Science;M;12:30 PM;02:20 PM;M290
23994;201;PHYSC;012;Earth Science;W;12:30 PM;03:35 PM;M290
23298;201;POLSC;001;Politics & Govt in America-Af;MW;09:15 AM;10:35 AM;M168
23301;202;POLSC;001;Politics & Govt in America-As;MW;10:45 AM;12:05 PM;D106
23304;203;POLSC;001;Politics and Govt in America;MW;12:15 PM;01:35 PM;D106
23307;204;POLSC;001;Politics and Govt in America;M;06:00 PM;09:05 PM;M168
23310;205;POLSC;001;Politics and Govt in America;TTH;10:45 AM;12:05 PM;A111
23313;206;POLSC;001;Politics and Govt in America;TTH;01:45 PM;03:05 PM;N190
23316;207;POLSC;001;Politics & Govt in America-Ih;T;12:15 PM;01:35 PM;M168
23319;208;POLSC;001;Politics and Govt in America;TH;06:00 PM;09:05 PM;N358
27789;209;POLSC;001;Politics and Govt in America;MTWTHF;02:30 PM;05:45 PM;P119
23322;201;PSYCH;001;General Psychology;MW;09:15 AM;10:35 AM;D106
23325;202;PSYCH;001;General Psychology;MW;10:45 AM;12:05 PM;A210B
23328;203;PSYCH;001;General Psychology;MW;12:15 PM;01:35 PM;N190
23331;204;PSYCH;001;General Psychology;MW;01:45 PM;03:05 PM;D106
23334;205;PSYCH;001;General Psychology;TTH;07:45 AM;09:05 AM;M168
23337;206;PSYCH;001;General Psychology;TTH;09:15 AM;10:35 AM;D106
23340;207;PSYCH;001;General Psychology;TTH;10:45 AM;12:05 PM;D106
23343;208;PSYCH;001;General Psychology;TTH;12:15 PM;01:35 PM;P119
23346;209;PSYCH;001;General Psychology;M;06:00 PM;09:05 PM;P124
23349;210;PSYCH;001;General Psychology;TH;06:00 PM;09:05 PM;D106
27864;214;PSYCH;001;General Psychology;F;09:15 AM;12:20 PM;N173
27870;215;PSYCH;001;General Psychology;MTWTHF;06:00 PM;09:15 PM;P119
23355;201;PSYCH;018;Research Methods;TTH;12:15 PM;01:05 PM;C290
23355;201;PSYCH;018;Research Methods;TTH;01:15 PM;02:35 PM;C290
27054;201;PSYCH;025;Psych Women: Global Perspectiv;TTH;09:15 AM;10:35 AM;D105B
27057;202;PSYCH;025;Psych Women: Global Perspectiv;TH;06:00 PM;09:05 PM;D211
28101;203;PSYCH;025;Psych Women: Global Perspectiv;TTH;10:45 AM;12:05 PM;P119
23358;201;PSYCH;030;Intro to Bio Psychology;TH;06:00 PM;09:05 PM;D109
23361;201;PSYCH;035;Intro to Psychology of Women;TTH;09:15 AM;10:35 AM;D105B
23364;202;PSYCH;035;Intro to Psychology of Women;TH;06:00 PM;09:05 PM;D211
23367;203;PSYCH;035;Intro to Psychology of Women;TTH;10:45 AM;12:05 PM;P119
23370;201;PSYCH;060;Personal Growth and Adjustment;MW;09:15 AM;10:35 AM;P119
23373;202;PSYCH;060;Personal Growth and Adjustment;MW;10:45 AM;12:05 PM;D109
23376;201;PSYCH;092;Developmental Psychology;MW;12:15 PM;01:35 PM;N358
23379;202;PSYCH;092;Developmental Psychology;TTH;09:15 AM;10:35 AM;N173
23382;203;PSYCH;092;Developmental Psychology;TTH;10:45 AM;12:05 PM;N173
23385;204;PSYCH;092;Developmental Psychology;TTH;12:15 PM;01:35 PM;N173
23388;205;PSYCH;092;Developmental Psychology;TTH;01:45 PM;03:05 PM;A111
23391;206;PSYCH;092;Developmental Psychology;T;06:00 PM;09:05 PM;D109
23397;201;PSYCH;096;Marriage and Family;MW;12:15 PM;01:35 PM;D109
23400;202;PSYCH;096;Marriage and Family;TTH;10:45 AM;12:05 PM;D208
23403;203;PSYCH;096;Marriage and Family;M;06:00 PM;09:05 PM;N173
23406;201;PSYCH;099;Abnormal Psychology;MW;01:45 PM;03:05 PM;D109
23409;201;PSYCH;100;Human Sexuality;TH;06:00 PM;09:05 PM;P124
29328;201;SG;146;CAD Civil 3D;S;09:00 AM;10:50 AM;M162
29328;201;SG;146;CAD Civil 3D;S;11:00 AM;02:05 PM;M162
23652;201;SG;147;GPS for Land Surveying;T;04:00 PM;05:50 PM;M175
23652;201;SG;147;GPS for Land Surveying;T;06:00 PM;09:05 PM;M162
23655;201;SG;148;Maps, Subdivision Map Act;TH;03:15 PM;05:05 PM;M175
23655;201;SG;148;Maps, Subdivision Map Act;TH;05:15 PM;08:20 PM;M162
22335;201;SL;001A;Intro to American Sign Lang;TTH;04:45 PM;06:05 PM;C231
22338;202;SL;001A;Intro to American Sign Lang;TH;06:30 PM;09:35 PM;C231
22344;201;SL;001B;Intermed American Sign Lang;T;06:30 PM;09:35 PM;C231
23415;201;SOC;010;Introduction to Sociology;MW;09:15 AM;10:35 AM;A111
23418;202;SOC;010;Introduction to Sociology;MW;10:45 AM;12:05 PM;A111
23421;203;SOC;010;Introduction to Sociology;MW;12:15 PM;01:35 PM;A111
23424;204;SOC;010;Introduction to Sociology;TTH;01:45 PM;03:05 PM;D106
23427;205;SOC;010;Introduction to Sociology;T;06:00 PM;09:05 PM;D106
27798;206;SOC;010;Introduction to Sociology;MTWTHF;07:30 AM;10:45 AM;P119
23430;201;SOC;011;Social Problems;MW;09:15 AM;10:35 AM;D212
23433;202;SOC;011;Social Problems;TTH;10:45 AM;12:05 PM;D109
23436;203;SOC;011;Social Problems;TTH;12:15 PM;01:35 PM;D106
22347;201;SPAN;001A;Elementary Spanish;MW;08:00 AM;10:25 AM;D209
22350;202;SPAN;001A;Elementary Spanish;MW;10:45 AM;01:10 PM;D209
22353;203;SPAN;001A;Elementary Spanish;MW;10:45 AM;01:10 PM;D210
22356;204;SPAN;001A;Elementary Spanish;MW;06:30 PM;08:55 PM;D210
22359;205;SPAN;001A;Elementary Spanish;TTH;08:00 AM;10:25 AM;D209
22362;206;SPAN;001A;Elementary Spanish;TTH;06:00 PM;08:25 PM;D209
27096;208;SPAN;001A;Elementary Spanish;MW;12:15 PM;02:40 PM;M261
22368;201;SPAN;001B;Elementary Spanish;TTH;08:00 AM;10:25 AM;D210
22374;201;SPAN;020A;Spanish for Spanish Speakers;TTH;10:45 AM;01:10 PM;D210
22377;201;SPAN;020B;Spanish for Spanish Speakers;TTH;10:45 AM;01:10 PM;D209
27099;201;SPAN;031;Translation and Interpreting;MW;06:30 PM;08:20 PM;D212
27102;201;SPAN;035;Sight Translation;S;09:00 AM;12:05 PM;C246
27105;202;SPAN;035;Sight Translation;S;01:00 PM;04:05 PM;C246
23451;201;THEAT;025A;Chicano/Latino Theatre;W;06:00 PM;09:05 PM;P119
23442;202;THEAT;040;Introduction to Film;TTH;07:45 AM;08:50 AM;P124
23442;202;THEAT;040;Introduction to Film;TH;09:00 AM;10:20 AM;P124
23445;203;THEAT;040;Introduction to Film;MW;07:45 AM;08:50 AM;P124
23445;203;THEAT;040;Introduction to Film;W;09:00 AM;10:20 AM;P124
23448;204;THEAT;040;Introduction to Film;T;06:00 PM;08:25 PM;P124
23448;204;THEAT;040;Introduction to Film;T;08:35 PM;09:55 PM;P124
23460;205;THEAT;040;Introduction to Film;MW;09:15 AM;10:20 AM;N214
23460;205;THEAT;040;Introduction to Film;W;10:30 AM;11:50 AM;N214
27801;206;THEAT;040;Introduction to Film;MTWTHF;06:00 PM;08:35 PM;P124
27801;206;THEAT;040;Introduction to Film;MTWTHF;08:45 PM;10:10 PM;P124
22380;201;VIET;001A;Elementary Vietnamese;MW;08:00 AM;10:25 AM;D210
22383;202;VIET;001A;Elementary Vietnamese;MW;06:30 PM;08:55 PM;D209
27108;203;VIET;001A;Elementary Vietnamese;MW;12:45 PM;03:10 PM;D211
22386;201;VIET;001B;Elementary Vietnamese;TTH;08:00 AM;10:25 AM;D211
22389;201;VIET;091A;Convrstnl Viet/Culture;S;09:00 AM;12:05 PM;D206
23454;201;WOMS;010;Intro to Women's Studies;TH;06:00 PM;09:05 PM;D208